brand,rating,price,processor_brand,num_processor,processor_speed,ram,memory_inbuilt,battery_capacity,charger,charging,display_size_inches,pixel,resolution_width,resolution_height,ppi,frequency_display_hz,primary_front_camera,secondry_front_camera,primary_rear_camera,secondry_rear_camera,os_brand,version,memory_card_upto,sim,is_5G,is_wifi
Xiaomi,4.65,49990,Snapdragon,8.0,3.2,8.0,256.0,10000.0,120.0,Fast,12.4,2032x3048,2032.0,3048.0,295.4225883767268,144.0,32.0,0.0,50.0,2.0,Android,14.0,Unknown,Unknown,not_available,Wi-Fi
Samsung,4.75,21829,Snapdragon,8.0,2.2,4.0,64.0,7040.0,15.0,Fast,11.0,1200x1920,1200.0,1920.0,205.8323156085077,90.0,5.0,0.0,8.0,0.0,Android,13.0,1TB,Unknown,5G,Wi-Fi
Lenovo,4.6,18499,Snapdragon,8.0,3.2,8.0,128.0,10200.0,20.0,Fast,12.7,2944x1840,2944.0,1840.0,273.3626028816402,144.0,13.0,0.0,8.0,0.0,Unknown,0.0,1TB,Single Sim,5G,Wi-Fi
Xiaomi,4.0,28999,Snapdragon,8.0,3.2,8.0,256.0,8840.0,33.0,Fast,11.0,1800x2880,1800.0,2880.0,308.7484734127616,144.0,8.0,0.0,13.0,0.0,Android,13.0,Unknown,Unknown,not_available,Wi-Fi
Lenovo,4.7,20499,Snapdragon,8.0,3.2,8.0,256.0,10200.0,20.0,Fast,12.7,2944x1840,2944.0,1840.0,273.3626028816402,144.0,13.0,0.0,8.0,0.0,Unknown,0.0,1TB,Single Sim,5G,Wi-Fi
Samsung,4.75,23399,Snapdragon,8.0,2.2,8.0,128.0,7040.0,15.0,Fast,11.0,1200x1920,1200.0,1920.0,205.8323156085077,90.0,5.0,0.0,8.0,0.0,Android,13.0,1TB,Unknown,5G,Wi-Fi
OnePlus,4.6,21999,Helio,8.0,2.2,8.0,128.0,8000.0,33.0,Fast,11.35,1720x2408,1720.0,2408.0,260.72245743283383,90.0,8.0,0.0,8.0,0.0,Unknown,0.0,1TB,Single Sim,not_available,Wi-Fi
Xiaomi,4.7,12599,Helio,8.0,2.2,4.0,128.0,8000.0,18.0,Fast,10.61,1200x2000,1200.0,2000.0,219.82853514968144,90.0,8.0,0.0,8.0,0.0,Unknown,0.0,1TB,Unknown,not_available,Wi-Fi
Apple,4.7,25999,Bionic,6.0,2.65,0.0,64.0,0.0,0.0,Unknown,10.2,2160x1620,2160.0,1620.0,264.7058823529412,0.0,12.0,0.0,8.0,0.0,iOS,15.0,Not_available,Unknown,not_available,Wi-Fi
Honor,4.65,16990,Snapdragon,8.0,2.2,8.0,128.0,8300.0,35.0,Fast,12.1,1600x2560,1600.0,2560.0,249.4937158891003,120.0,8.0,0.0,13.0,0.0,Android,13.0,Unknown,Unknown,not_available,Wi-Fi
Xiaomi,4.0,34990,Snapdragon,8.0,3.2,8.0,128.0,10000.0,80.0,Fast,10.0,1800x2880,1800.0,2880.0,339.62332075403776,144.0,32.0,0.0,50.0,2.0,Android,13.0,Unknown,Unknown,not_available,Wi-Fi
Samsung,4.0,42999,Exynos,8.0,2.4,6.0,128.0,8000.0,45.0,Fast,10.9,1440x2304,1440.0,2304.0,249.26482257177082,90.0,12.0,0.0,8.0,0.0,Unknown,0.0,1TB,Single Sim,5G,Wi-Fi
Xiaomi,4.3,26999,Snapdragon,8.0,3.2,6.0,128.0,8840.0,33.0,Fast,11.0,1800x2880,1800.0,2880.0,308.7484734127616,144.0,8.0,0.0,13.0,0.0,Android,13.0,Unknown,Unknown,not_available,Wi-Fi
Samsung,4.15,19999,Snapdragon,8.0,2.2,8.0,128.0,7040.0,15.0,Fast,11.0,1200x1920,1200.0,1920.0,205.8323156085077,90.0,5.0,0.0,8.0,0.0,Android,13.0,1TB,Unknown,Unknown,Wi-Fi
Apple,4.35,37900,Bionic,6.0,3.1,0.0,64.0,0.0,0.0,Unknown,10.9,1640x2360,1640.0,2360.0,263.65893499722654,0.0,12.0,0.0,12.0,0.0,iPadOS,16.0,Not_available,Unknown,not_available,Wi-Fi
Motorola,4.75,13999,Snapdragon,8.0,2.4,4.0,64.0,7700.0,20.0,Fast,10.6,1200x2000,1200.0,2000.0,220.0359205602,0.0,8.0,0.0,8.0,0.0,Unknown,0.0,1TB,Single Sim,not_available,Wi-Fi
OnePlus,4.6,36921,Dimensity,8.0,3.05,8.0,128.0,9510.0,67.0,Fast,11.61,2000x2800,2000.0,2800.0,296.37640885590446,144.0,8.0,0.0,13.0,0.0,Android,13.1,Unknown,Unknown,not_available,Wi-Fi
OnePlus,4.15,23999,Helio,8.0,2.2,8.0,256.0,8000.0,33.0,Fast,11.35,1720x2408,1720.0,2408.0,260.72245743283383,90.0,8.0,0.0,8.0,0.0,Unknown,0.0,1TB,Single Sim,not_available,Wi-Fi
Samsung,4.25,53536,Exynos,8.0,2.4,8.0,128.0,10090.0,45.0,Fast,12.4,1600x2560,1600.0,2560.0,243.45757760146074,120.0,12.0,0.0,8.0,8.0,Unknown,0.0,1TB,Single Sim,5G,Wi-Fi
Realme,4.1,19429,Helio,8.0,2.2,6.0,128.0,8360.0,33.0,Fast,11.5,1200x2000,1200.0,2000.0,202.81571808157565,120.0,5.0,0.0,8.0,0.0,Unknown,0.0,1TB,Single Sim,not_available,Wi-Fi
Xiaomi,4.6,29990,Snapdragon,8.0,3.19,8.0,128.0,8600.0,67.0,Fast,11.0,1800x2880,1800.0,2880.0,308.7484734127616,144.0,20.0,0.0,50.0,2.0,Android,13.0,Unknown,Unknown,not_available,Wi-Fi
Samsung,4.1,37999,Snapdragon,8.0,2.2,6.0,128.0,10090.0,45.0,Fast,12.4,1600x2560,1600.0,2560.0,243.45757760146074,0.0,5.0,0.0,8.0,0.0,Unknown,0.0,1TB,Single Sim,not_available,Wi-Fi
Lenovo,4.3,28999,Dimensity,8.0,2.0,8.0,256.0,10200.0,30.0,Fast,12.7,2944x1840,2944.0,1840.0,273.3626028816402,0.0,8.0,0.0,13.0,0.0,Android,13.0,1TB,Unknown,Unknown,Wi-Fi
Samsung,4.45,133999,Snapdragon,8.0,3.2,12.0,512.0,11200.0,45.0,Fast,14.6,1848x2960,1848.0,2960.0,239.0077693925176,120.0,12.0,12.0,13.0,8.0,Unknown,0.0,1TB,Single Sim,5G,Wi-Fi
Xiaomi,4.65,16999,Helio,8.0,2.2,6.0,128.0,8000.0,18.0,Fast,10.61,1200x2000,1200.0,2000.0,219.82853514968144,90.0,8.0,0.0,8.0,0.0,Unknown,0.0,1TB,Unknown,not_available,Wi-Fi
Motorola,4.2,16199,Helio,8.0,2.05,4.0,64.0,7700.0,20.0,Fast,11.0,1200x2000,1200.0,2000.0,212.0346143580109,0.0,8.0,0.0,13.0,0.0,Unknown,0.0,1TB,Single Sim,not_available,Wi-Fi
Xiaomi,4.65,9999,Snapdragon,8.0,2.4,4.0,128.0,8000.0,10.0,Fast,11.0,1200x1920,1200.0,1920.0,205.8323156085077,90.0,5.0,0.0,8.0,0.0,Unknown,0.0,1TB,Unknown,not_available,Wi-Fi
Samsung,4.65,14999,Helio,8.0,2.2,4.0,64.0,5100.0,15.0,Fast,8.7,800x1340,800.0,1340.0,179.38401080367268,0.0,2.0,0.0,8.0,0.0,Unknown,0.0,1TB,Single Sim,not_available,Wi-Fi
Apple,4.25,109990,Apple,8.0,0.0,8.0,256.0,7938.0,18.0,Fast,11.0,1668x2388,1668.0,2388.0,264.8056826935118,0.0,12.0,0.0,12.0,10.0,iOS,16.0,Unknown,Single Sim,5G,Wi-Fi
Motorola,4.7,17999,Helio,8.0,2.05,6.0,128.0,7700.0,20.0,Fast,11.0,1200x2000,1200.0,2000.0,212.0346143580109,0.0,8.0,0.0,13.0,0.0,Unknown,0.0,1TB,Single Sim,not_available,Wi-Fi
Apple,4.25,50499,Apple,8.0,0.0,0.0,64.0,0.0,0.0,Unknown,10.9,1640x2360,1640.0,2360.0,263.65893499722654,0.0,12.0,0.0,12.0,0.0,iOS,15.0,Not_available,Unknown,not_available,Wi-Fi
Samsung,4.1,29999,Snapdragon,8.0,2.2,4.0,64.0,8040.0,25.0,Fast,10.5,1200x2000,1200.0,2000.0,222.13150075601143,0.0,8.0,0.0,12.0,0.0,Unknown,0.0,Supported,Unknown,not_available,Wi-Fi
iQOO,4.2,20990,Snapdragon,8.0,3.2,8.0,256.0,8500.0,44.0,Fast,11.5,1840x2800,1840.0,2800.0,291.3445786625659,144.0,5.0,0.0,8.0,0.0,Android,13.0,Not_available,Unknown,Unknown,Wi-Fi
Lenovo,4.75,18999,Snapdragon,8.0,2.2,4.0,128.0,7700.0,20.0,Fast,10.61,1200x2000,1200.0,2000.0,219.82853514968144,0.0,8.0,0.0,13.0,0.0,Unknown,0.0,1TB,Single Sim,5G,Wi-Fi
Honor,4.4,15999,Snapdragon,8.0,2.8,4.0,128.0,7250.0,0.0,Fast,11.5,1200x2000,1200.0,2000.0,202.81571808157565,0.0,5.0,0.0,5.0,0.0,Android,13.0,1TB,Unknown,Unknown,Wi-Fi
OnePlus,4.7,39387,Dimensity,8.0,3.05,12.0,256.0,9510.0,67.0,Fast,11.61,2000x2800,2000.0,2800.0,296.37640885590446,144.0,8.0,0.0,13.0,0.0,Android,13.1,Unknown,Unknown,not_available,Wi-Fi
Samsung,4.45,83990,Snapdragon,8.0,3.2,8.0,128.0,8400.0,45.0,Fast,11.0,1600x2560,1600.0,2560.0,274.4430874780103,120.0,12.0,0.0,13.0,0.0,Unknown,0.0,1TB,Single Sim,5G,Wi-Fi
Samsung,4.2,23999,Snapdragon,8.0,2.3,4.0,128.0,7040.0,15.0,Fast,10.4,1200x2000,1200.0,2000.0,224.26738057097307,0.0,5.0,0.0,8.0,0.0,Unknown,0.0,Supported,Unknown,not_available,Wi-Fi
Apple,4.65,74999,Apple,8.0,0.0,8.0,128.0,7538.0,18.0,Fast,11.0,1668x2388,1668.0,2388.0,264.8056826935118,0.0,12.0,0.0,12.0,10.0,iPadOS,16.0,Unknown,Unknown,not_available,Wi-Fi
Realme,4.35,27999,Snapdragon,8.0,2.2,6.0,128.0,8340.0,33.0,Fast,10.95,1200x2000,1200.0,2000.0,213.00280894412057,0.0,8.0,0.0,13.0,0.0,Unknown,0.0,512GB,Dual Sim,5G,Wi-Fi
Oppo,4.6,13999,Snapdragon,8.0,2.4,4.0,128.0,7100.0,18.0,Fast,10.36,2000x1200,2000.0,1200.0,225.13327779325485,0.0,8.0,0.0,8.0,0.0,Unknown,0.0,Unknown,Dual Sim,not_available,Wi-Fi
Samsung,4.6,21999,Snapdragon,8.0,2.3,4.0,64.0,7040.0,15.0,Fast,10.4,1200x2000,1200.0,2000.0,224.26738057097307,0.0,5.0,0.0,8.0,0.0,Unknown,0.0,Supported,Unknown,not_available,Wi-Fi
Realme,4.3,24999,Snapdragon,8.0,3.2,8.0,256.0,8360.0,18.0,Fast,10.4,1080x2560,1080.0,2560.0,267.16238441249624,120.0,8.0,0.0,8.0,0.0,Unknown,0.0,Supported,Dual Sim,5G,Wi-Fi
Samsung,4.3,14999,Tiger,8.0,2.0,4.0,64.0,7040.0,15.0,Fast,10.5,1200x1920,1200.0,1920.0,215.63385444700808,0.0,5.0,0.0,8.0,0.0,Unknown,0.0,1TB,Single Sim,not_available,Wi-Fi
Samsung,4.1,89999,Snapdragon,8.0,3.3,8.0,128.0,9400.0,45.0,Fast,11.5,1600x2560,1600.0,2560.0,262.5107793267925,120.0,12.0,0.0,16.0,0.0,Unknown,0.0,1TB,Single Sim,5G,Wi-Fi
Vivo,4.45,34990,Dimensity,8.0,3.25,8.0,128.0,10500.0,44.0,Fast,12.4,1968x2800,1968.0,2800.0,276.0023827733487,144.0,8.0,0.0,13.0,2.0,Android,13.0,Unknown,Unknown,not_available,Wi-Fi
OnePlus,4.5,19999,Helio,8.0,2.2,8.0,128.0,8000.0,33.0,Fast,11.35,1720x2408,1720.0,2408.0,260.72245743283383,90.0,8.0,0.0,8.0,0.0,Android,13.0,1TB,Unknown,Unknown,Wi-Fi
Samsung,4.35,36998,Exynos,8.0,2.4,6.0,128.0,8000.0,45.0,Fast,10.9,1440x2304,1440.0,2304.0,249.26482257177082,90.0,12.0,0.0,8.0,0.0,Android,13.0,1TB,Unknown,Unknown,Wi-Fi
Lenovo,4.15,20999,Snapdragon,8.0,2.2,6.0,128.0,7700.0,20.0,Fast,10.61,1200x2000,1200.0,2000.0,219.82853514968144,0.0,8.0,0.0,13.0,0.0,Unknown,0.0,1TB,Single Sim,5G,Wi-Fi
Vivo,4.6,20499,Snapdragon,8.0,3.2,8.0,128.0,8500.0,44.0,Fast,11.5,1840x2800,1840.0,2800.0,291.3445786625659,144.0,5.0,0.0,8.0,0.0,Android,13.0,Not_available,Unknown,Unknown,Wi-Fi
iQOO,4.55,29999,Dimensity,8.0,3.2,8.0,128.0,10000.0,44.0,Fast,12.1,1968x2800,1968.0,2800.0,282.8454170569854,144.0,8.0,0.0,13.0,2.0,Android,13.0,Unknown,Unknown,not_available,Wi-Fi
Apple,4.45,53900,Bionic,6.0,3.1,0.0,64.0,0.0,0.0,Unknown,10.9,1640x2360,1640.0,2360.0,263.65893499722654,0.0,12.0,0.0,12.0,0.0,iPadOS,16.0,Not_available,Single Sim,5G,Wi-Fi
Xiaomi,4.6,13999,Helio,8.0,2.2,3.0,64.0,8000.0,18.0,Fast,10.61,1200x2000,1200.0,2000.0,219.82853514968144,90.0,8.0,0.0,8.0,0.0,Unknown,0.0,1TB,Unknown,not_available,Wi-Fi
Xiaomi,4.4,21499,Snapdragon,8.0,2.4,4.0,64.0,0.0,0.0,Unknown,8.0,1080x2340,1080.0,2340.0,322.15097392371797,90.0,16.0,0.0,48.0,0.0,Unknown,0.0,Supported,Unknown,5G,Wi-Fi
Lenovo,4.4,22899,Snapdragon,8.0,1.8,4.0,64.0,7000.0,0.0,Unknown,10.1,1200x1920,1200.0,1920.0,224.17380907857276,0.0,5.0,0.0,8.0,0.0,Unknown,0.0,256GB,Single Sim,not_available,Wi-Fi
Nubia,4.55,99900,Snapdragon,8.0,3.2,0.0,256.0,10000.0,66.0,Fast,12.1,1600x2560,1600.0,2560.0,249.4937158891003,144.0,8.0,8.0,13.0,13.0,Android,14.0,Supported,Unknown,Unknown,Wi-Fi
Samsung,4.25,17950,Snapdragon,8.0,2.2,4.0,64.0,7040.0,15.0,Fast,11.0,1200x1920,1200.0,1920.0,205.8323156085077,90.0,5.0,0.0,8.0,0.0,Android,13.0,1TB,Unknown,Unknown,Wi-Fi
Samsung,4.75,43999,Exynos,8.0,2.4,8.0,128.0,10090.0,45.0,Fast,12.4,1600x2560,1600.0,2560.0,243.45757760146074,120.0,12.0,0.0,8.0,8.0,Android,13.0,1TB,Unknown,Unknown,Wi-Fi
Samsung,4.15,61999,Exynos,8.0,2.4,12.0,256.0,10090.0,45.0,Fast,12.4,1600x2560,1600.0,2560.0,243.45757760146074,120.0,12.0,0.0,8.0,8.0,Unknown,0.0,1TB,Single Sim,5G,Wi-Fi
Motorola,4.5,15999,Snapdragon,8.0,2.4,4.0,128.0,7700.0,20.0,Fast,10.6,1200x2000,1200.0,2000.0,220.0359205602,0.0,8.0,0.0,8.0,0.0,Unknown,0.0,1TB,Single Sim,not_available,Wi-Fi
Motorola,4.6,13999,Snapdragon,8.0,2.4,4.0,128.0,7700.0,20.0,Fast,10.6,1200x2000,1200.0,2000.0,220.0359205602,0.0,8.0,0.0,8.0,0.0,Unknown,0.0,1TB,Unknown,not_available,Wi-Fi
Xiaomi,4.55,43999,Snapdragon,8.0,3.2,8.0,256.0,10000.0,67.0,Fast,14.0,1800x2880,1800.0,2880.0,242.5880862528841,120.0,20.0,0.0,50.0,0.0,Android,13.0,Unknown,Unknown,not_available,Wi-Fi
Samsung,4.3,88990,Snapdragon,8.0,3.2,12.0,256.0,8400.0,45.0,Fast,11.0,1600x2560,1600.0,2560.0,274.4430874780103,120.0,12.0,0.0,13.0,0.0,Unknown,0.0,1TB,Single Sim,5G,Wi-Fi
Realme,4.55,22999,Helio,8.0,2.2,8.0,256.0,8360.0,33.0,Fast,11.5,1200x2000,1200.0,2000.0,202.81571808157565,120.0,5.0,0.0,8.0,0.0,Unknown,0.0,1TB,Single Sim,not_available,Wi-Fi
Lenovo,4.65,8999,Helio,8.0,2.0,3.0,32.0,5000.0,0.0,Unknown,10.1,1280x800,1280.0,800.0,149.44920605238187,0.0,5.0,0.0,8.0,0.0,Unknown,0.0,256GB,Single Sim,not_available,Wi-Fi
Lenovo,4.15,96990,Dimensity,8.0,3.05,12.0,256.0,12300.0,68.0,Fast,14.5,1876x3000,1876.0,3000.0,244.01882931577654,120.0,13.0,0.0,13.0,0.0,Unknown,0.0,Supported,Unknown,not_available,Wi-Fi
Honor,4.65,8999,Helio,8.0,2.0,3.0,32.0,5100.0,22.5,Fast,10.1,1920x1200,1920.0,1200.0,224.17380907857276,0.0,2.0,0.0,5.0,0.0,Unknown,0.0,512GB,Unknown,not_available,Wi-Fi
Lenovo,4.15,17999,Helio,8.0,2.2,6.0,128.0,0.0,0.0,Unknown,11.5,1200x2000,1200.0,2000.0,202.81571808157565,120.0,8.0,0.0,13.0,0.0,Android,12.0,512GB,Single Sim,not_available,Wi-Fi
Nokia,4.7,11999,Tiger,8.0,2.0,4.0,64.0,8200.0,18.0,Fast,10.36,1200x2000,1200.0,2000.0,225.13327779325485,0.0,8.0,0.0,8.0,0.0,Unknown,0.0,512GB,Single Sim,not_available,Wi-Fi
Vivo,4.4,28990,Snapdragon,8.0,3.2,8.0,128.0,8040.0,44.0,Fast,11.0,1600x2560,1600.0,2560.0,274.4430874780103,120.0,8.0,0.0,13.0,8.0,Android,12.0,Unknown,Unknown,not_available,Wi-Fi
Samsung,4.55,32499,Snapdragon,8.0,2.4,4.0,64.0,10090.0,45.0,Fast,12.4,1600x2560,1600.0,2560.0,243.45757760146074,0.0,5.0,0.0,8.0,0.0,Unknown,0.0,1TB,Unknown,not_available,Wi-Fi
Apple,4.6,38990,Bionic,6.0,2.65,0.0,64.0,0.0,0.0,Unknown,10.2,2160x1620,2160.0,1620.0,264.7058823529412,0.0,12.0,0.0,8.0,0.0,iOS,15.0,Not_available,Single Sim,not_available,Wi-Fi
Xiaomi,4.4,39999,Snapdragon,8.0,3.2,8.0,256.0,8600.0,67.0,Fast,11.0,1600x2560,1600.0,2560.0,274.4430874780103,120.0,8.0,0.0,50.0,5.0,Android,11.0,Unknown,Single Sim,5G,Wi-Fi
Samsung,4.5,89999,Snapdragon,8.0,3.0,12.0,256.0,11200.0,45.0,Fast,14.6,1848x2960,1848.0,2960.0,239.0077693925176,120.0,12.0,12.0,13.0,6.0,Unknown,0.0,1TB,Single Sim,5G,Wi-Fi
Samsung,4.15,30999,Exynos,8.0,2.3,4.0,64.0,7040.0,15.0,Fast,10.4,1200x2000,1200.0,2000.0,224.26738057097307,0.0,5.0,0.0,8.0,0.0,Unknown,0.0,1TB,Single Sim,not_available,Wi-Fi
Lenovo,4.5,15990,Snapdragon,8.0,2.2,4.0,128.0,7700.0,20.0,Fast,10.61,1200x2000,1200.0,2000.0,219.82853514968144,0.0,8.0,0.0,13.0,0.0,Unknown,0.0,1TB,Single Sim,5G,Wi-Fi
Xiaomi,4.4,32990,Snapdragon,8.0,3.0,8.0,256.0,9820.0,45.0,Fast,11.0,1800x3200,1800.0,3200.0,333.7738136488331,144.0,8.0,0.0,13.0,0.0,Android,13.0,Unknown,Unknown,not_available,Wi-Fi
iKall,4.5,3499,Unknown,0.0,0.0,2.0,16.0,3000.0,0.0,Unknown,7.0,1024x600,1024.0,600.0,169.54777786686512,0.0,0.3,0.0,2.0,0.0,Android,6.0,Unknown,Dual Sim,not_available,Wi-Fi
Apple,4.15,69999,Apple,8.0,0.0,0.0,64.0,0.0,0.0,Unknown,10.9,1640x2360,1640.0,2360.0,263.65893499722654,0.0,12.0,0.0,12.0,0.0,iOS,17.0,Not_available,Single Sim,5G,Wi-Fi
Samsung,4.55,11999,Helio,8.0,2.2,4.0,64.0,5100.0,15.0,Fast,8.7,800x1340,800.0,1340.0,179.38401080367268,0.0,2.0,0.0,8.0,0.0,Android,13.0,1TB,Unknown,Unknown,Wi-Fi
Chuwi,4.0,7355,Unisoc,8.0,2.0,4.0,128.0,5000.0,0.0,Unknown,10.1,1280x800,1280.0,800.0,149.44920605238187,0.0,5.0,0.0,8.0,0.0,Unknown,0.0,512GB,Dual Sim,not_available,Wi-Fi
Samsung,4.25,90999,Snapdragon,8.0,3.2,12.0,256.0,10090.0,45.0,Fast,12.4,1752x2800,1752.0,2800.0,266.3672443168513,120.0,12.0,0.0,13.0,8.0,Android,13.0,1TB,Unknown,Unknown,Wi-Fi
Oppo,4.05,14990,Helio,8.0,2.2,6.0,128.0,8000.0,33.0,Fast,11.4,2408x1720,2408.0,1720.0,259.5789378826898,90.0,8.0,0.0,8.0,0.0,Unknown,0.0,Unknown,Dual Sim,not_available,Wi-Fi
Nubia,4.05,39999,Snapdragon,8.0,3.2,12.0,256.0,10000.0,80.0,Fast,12.1,1600x2560,1600.0,2560.0,249.4937158891003,144.0,16.0,0.0,13.0,0.0,Android,13.0,Not_available,Unknown,5G,Wi-Fi
Honor,4.15,12999,Helio,8.0,2.0,4.0,64.0,5100.0,22.5,Fast,10.1,1920x1200,1920.0,1200.0,224.17380907857276,0.0,2.0,0.0,5.0,0.0,Unknown,0.0,512GB,Unknown,not_available,Wi-Fi
Lenovo,4.4,11423,Helio,8.0,2.0,4.0,64.0,5100.0,10.0,Fast,9.0,800x1340,800.0,1340.0,173.40454377688357,0.0,2.0,0.0,8.0,0.0,Android,12.0,512GB,Unknown,Unknown,Wi-Fi
Samsung,4.3,104999,Snapdragon,8.0,3.2,12.0,256.0,10090.0,45.0,Fast,12.4,1752x2800,1752.0,2800.0,266.3672443168513,120.0,12.0,0.0,13.0,8.0,Unknown,0.0,1TB,Single Sim,5G,Wi-Fi
Samsung,4.1,122999,Snapdragon,8.0,3.2,12.0,256.0,11200.0,45.0,Fast,14.6,1848x2960,1848.0,2960.0,239.0077693925176,120.0,12.0,12.0,13.0,8.0,Unknown,0.0,1TB,Single Sim,5G,Wi-Fi
Vivo,4.0,29990,Dimensity,8.0,3.05,8.0,128.0,10000.0,44.0,Fast,12.1,1968x2800,1968.0,2800.0,282.8454170569854,144.0,8.0,0.0,13.0,2.0,Android,13.0,Unknown,Unknown,not_available,Wi-Fi
Lenovo,4.35,8999,Helio,8.0,2.0,3.0,32.0,5100.0,10.0,Fast,9.0,800x1340,800.0,1340.0,173.40454377688357,0.0,2.0,0.0,8.0,0.0,Unknown,0.0,Supported,Single Sim,not_available,Wi-Fi
Lenovo,4.65,8999,Helio,8.0,2.0,3.0,32.0,5000.0,0.0,Unknown,10.1,1280x800,1280.0,800.0,149.44920605238187,0.0,5.0,0.0,8.0,0.0,Unknown,0.0,256GB,Single Sim,not_available,Wi-Fi
Apple,4.15,53900,Bionic,6.0,3.1,0.0,256.0,0.0,0.0,Unknown,10.9,1640x2360,1640.0,2360.0,263.65893499722654,0.0,12.0,0.0,12.0,0.0,iPadOS,16.0,Not_available,Unknown,not_available,Wi-Fi
Apple,4.55,124050,Apple,8.0,0.0,8.0,128.0,10758.0,18.0,Fast,12.9,2048x2732,2048.0,2732.0,264.6821778078071,0.0,12.0,0.0,12.0,10.0,iPadOS,16.0,Unknown,Single Sim,5G,Wi-Fi
Lenovo,4.3,15999,Snapdragon,8.0,2.4,6.0,128.0,7700.0,20.0,Fast,10.61,2000x1200,2000.0,1200.0,219.82853514968144,0.0,8.0,0.0,8.0,0.0,Unknown,0.0,1TB,Unknown,not_available,Wi-Fi
Apple,4.25,68900,Bionic,6.0,3.1,0.0,256.0,0.0,0.0,Unknown,10.9,1640x2360,1640.0,2360.0,263.65893499722654,0.0,12.0,0.0,12.0,0.0,iPadOS,16.0,Not_available,Single Sim,5G,Wi-Fi
Apple,4.4,64990,Bionic,6.0,3.22,0.0,64.0,0.0,0.0,Unknown,8.3,2266x1488,2266.0,1488.0,326.61270652987935,0.0,12.0,0.0,12.0,0.0,iOS,15.0,Not_available,Single Sim,5G,Wi-Fi
Motorola,4.4,12999,Snapdragon,8.0,2.4,4.0,64.0,7700.0,20.0,Fast,10.6,1200x2000,1200.0,2000.0,220.0359205602,0.0,8.0,0.0,8.0,0.0,Unknown,0.0,1TB,Unknown,not_available,Wi-Fi
Lenovo,4.5,49999,Snapdragon,8.0,3.2,8.0,256.0,10200.0,45.0,Fast,12.6,2560x1600,2560.0,1600.0,239.5931716077868,120.0,8.0,0.0,13.0,5.0,Unknown,0.0,512GB,Unknown,not_available,Wi-Fi
Oppo,4.15,15999,Snapdragon,8.0,2.4,4.0,64.0,7100.0,18.0,Fast,10.36,2000x1200,2000.0,1200.0,225.13327779325485,0.0,8.0,0.0,8.0,0.0,Unknown,0.0,Unknown,Dual Sim,not_available,Wi-Fi
Apple,4.35,65499,Apple,8.0,0.0,0.0,256.0,0.0,0.0,Unknown,10.9,1640x2360,1640.0,2360.0,263.65893499722654,0.0,12.0,0.0,12.0,0.0,iOS,15.0,Not_available,Unknown,not_available,Wi-Fi
Samsung,4.65,49999,Snapdragon,8.0,3.0,8.0,128.0,8000.0,45.0,Fast,11.0,1600x2560,1600.0,2560.0,274.4430874780103,120.0,12.0,0.0,13.0,6.0,Unknown,0.0,1TB,Unknown,not_available,Wi-Fi
Samsung,4.75,39990,Kompanio,8.0,2.6,4.0,64.0,10000.0,55.0,Fast,12.4,1600x2560,1600.0,2560.0,243.45757760146074,0.0,5.0,0.0,13.0,0.0,Unknown,0.0,1TB,Single Sim,not_available,Wi-Fi
Lenovo,4.75,24999,Snapdragon,8.0,3.2,8.0,128.0,7100.0,30.0,Fast,7.0,1080x2400,1080.0,2400.0,375.97220913362247,120.0,8.0,0.0,8.0,0.0,Unknown,0.0,512GB,Dual Sim,5G,Wi-Fi
Lenovo,4.15,10999,Helio,8.0,2.0,3.0,32.0,7500.0,0.0,Unknown,10.3,1920x1200,1920.0,1200.0,219.82091958190142,0.0,5.0,0.0,8.0,0.0,Unknown,0.0,256GB,Single Sim,not_available,Wi-Fi
Apple,4.55,46900,Bionic,6.0,0.0,0.0,64.0,0.0,0.0,Unknown,8.3,2266x1488,2266.0,1488.0,326.61270652987935,0.0,12.0,0.0,12.0,0.0,iOS,15.0,Not_available,Unknown,Unknown,Wi-Fi
OPPO,4.05,27999,Snapdragon,8.0,3.2,6.0,128.0,8360.0,33.0,Fast,11.0,1600x2560,1600.0,2560.0,274.4430874780103,120.0,8.0,0.0,13.0,0.0,Unknown,0.0,512GB,Dual Sim,5G,Wi-Fi
Apple,4.4,61499,Apple,8.0,0.0,0.0,64.0,7730.0,20.0,Fast,10.9,1640x2360,1640.0,2360.0,263.65893499722654,0.0,12.0,0.0,12.0,0.0,iOS,15.0,Unknown,Single Sim,5G,Wi-Fi
Xiaomi,4.4,39999,Snapdragon,8.0,3.2,8.0,256.0,8600.0,67.0,Fast,11.0,1600x2560,1600.0,2560.0,274.4430874780103,120.0,8.0,0.0,50.0,5.0,Android,11.0,Unknown,Single Sim,5G,Wi-Fi
Samsung,4.5,89999,Snapdragon,8.0,3.0,12.0,256.0,11200.0,45.0,Fast,14.6,1848x2960,1848.0,2960.0,239.0077693925176,120.0,12.0,12.0,13.0,6.0,Unknown,0.0,1TB,Single Sim,5G,Wi-Fi
Samsung,4.35,40499,Snapdragon,8.0,2.2,4.0,64.0,10090.0,45.0,Fast,12.4,1600x2560,1600.0,2560.0,243.45757760146074,0.0,5.0,0.0,8.0,0.0,Unknown,0.0,1TB,Single Sim,not_available,Wi-Fi
Samsung,4.0,85999,Snapdragon,8.0,3.0,8.0,128.0,10090.0,45.0,Fast,12.4,1752x2800,1752.0,2800.0,266.3672443168513,120.0,12.0,0.0,13.0,6.0,Unknown,0.0,1TB,Single Sim,5G,Wi-Fi
Samsung,4.7,49999,Snapdragon,8.0,3.09,6.0,128.0,10090.0,45.0,Fast,12.4,2800x1752,2800.0,1752.0,266.3672443168513,120.0,8.0,0.0,13.0,5.0,Unknown,0.0,1TB,Unknown,not_available,Wi-Fi
Lenovo,4.2,7999,Snapdragon,8.0,1.8,2.0,32.0,7000.0,0.0,Unknown,10.04,1200x1920,1200.0,1920.0,225.5134931965722,0.0,5.0,0.0,8.0,0.0,Unknown,0.0,Supported,Single Sim,not_available,Wi-Fi
Samsung,4.75,83999,Snapdragon,8.0,3.09,6.0,128.0,10090.0,45.0,Fast,12.4,2800x1752,2800.0,1752.0,266.3672443168513,120.0,8.0,0.0,13.0,5.0,Unknown,0.0,1TB,Single Sim,not_available,Wi-Fi
iQOO,4.0,34990,Snapdragon,8.0,3.2,8.0,256.0,10500.0,50.0,Fast,12.1,1968x2800,1968.0,2800.0,282.8454170569854,144.0,16.0,0.0,13.0,8.0,Android,14.0,Unknown,Unknown,not_available,Wi-Fi
Google,4.4,96834,Tensor,8.0,2.85,8.0,256.0,0.0,0.0,Unknown,10.95,1600x2560,1600.0,2560.0,275.69625226101493,90.0,8.0,0.0,8.0,0.0,Android,13.0,Not_available,Unknown,not_available,Wi-Fi
Vivo,4.2,44990,Snapdragon,8.0,3.3,8.0,128.0,10500.0,44.0,Fast,12.4,1968x2800,1968.0,2800.0,276.0023827733487,144.0,8.0,0.0,13.0,2.0,Android,13.0,Unknown,Unknown,not_available,Wi-Fi
Google,4.45,79990,Tensor,8.0,3.0,8.0,128.0,0.0,0.0,Unknown,11.95,1600x2760,1600.0,2760.0,266.9652804229679,90.0,12.0,0.0,12.0,0.0,Android,13.0,Not_available,Unknown,not_available,Wi-Fi
Doogee,4.25,24799,Unisoc,8.0,1.6,6.0,256.0,8580.0,0.0,Unknown,11.0,1200x1920,1200.0,1920.0,205.8323156085077,0.0,8.0,0.0,13.0,0.0,Unknown,0.0,1TB,Dual Sim,not_available,Wi-Fi
Ulefone,4.55,16599,Helio,8.0,2.0,4.0,64.0,7650.0,0.0,Unknown,8.0,1280x800,1280.0,800.0,188.67962264113208,0.0,5.0,0.0,13.0,0.0,Unknown,0.0,256GB,Dual Sim,not_available,Wi-Fi
Lenovo,4.55,19990,Helio,8.0,2.0,4.0,128.0,7040.0,15.0,Fast,10.95,1200x1920,1200.0,1920.0,206.77218919576117,90.0,8.0,0.0,8.0,0.0,Unknown,0.0,1TB,Single Sim,not_available,Wi-Fi
iKall,4.5,3499,Unknown,0.0,0.0,2.0,16.0,3000.0,0.0,Unknown,7.0,1024x600,1024.0,600.0,169.54777786686512,0.0,0.3,0.0,2.0,0.0,Android,6.0,Unknown,Dual Sim,not_available,Wi-Fi
Oppo,4.35,21990,Helio,8.0,2.2,6.0,128.0,8000.0,33.0,Fast,11.36,2408x1720,2408.0,1720.0,260.49294822734714,90.0,8.0,0.0,8.0,0.0,Unknown,0.0,Unknown,Dual Sim,not_available,Wi-Fi
Samsung,4.55,16990,Helio,8.0,2.2,4.0,64.0,5100.0,15.0,Fast,8.7,800x1340,800.0,1340.0,179.38401080367268,0.0,2.0,0.0,8.0,0.0,Unknown,0.0,1TB,Single Sim,not_available,Wi-Fi
Samsung,4.35,54999,Unknown,0.0,0.0,0.0,0.0,4900.0,0.0,Unknown,0.0,Unknown,0.0,0.0,0.0,0.0,0.0,0.0,0.0,0.0,Unknown,0.0,Unknown,Unknown,not_available,Wi-Fi
Samsung,4.7,39999,Octa,8.0,0.0,6.0,128.0,5050.0,0.0,Unknown,8.0,1920x1200,1920.0,1200.0,283.0194339616981,0.0,5.0,0.0,13.0,0.0,Unknown,0.0,64GB,Dual Sim,5G,Wi-Fi
Huawei,4.65,49990,Kirin,8.0,2.62,12.0,256.0,8300.0,66.0,Fast,11.0,2560x1600,2560.0,1600.0,274.4430874780103,120.0,16.0,0.0,13.0,8.0,Unknown,0.0,1TB,Unknown,not_available,Wi-Fi
DOMO,4.55,7490,Helio,8.0,2.5,2.0,32.0,5020.0,0.0,Unknown,10.1,1280x800,1280.0,800.0,149.44920605238187,0.0,5.0,0.0,8.0,0.0,Unknown,0.0,128GB,Dual Sim,not_available,Wi-Fi
Blackview,4.25,19990,Helio,8.0,2.2,12.0,256.0,8800.0,33.0,Fast,12.0,1200x2000,1200.0,2000.0,194.36506316151,0.0,8.0,0.0,16.0,0.0,Unknown,0.0,(Hybrid),Dual Sim,not_available,Wi-Fi
Doogee,4.7,23990,Helio,8.0,2.2,12.0,256.0,10800.0,0.0,Unknown,12.0,1200x2000,1200.0,2000.0,194.36506316151,90.0,8.0,0.0,16.0,0.0,Unknown,0.0,2TB,Dual Sim,not_available,Wi-Fi
Doogee,4.6,25990,Helio,8.0,2.2,12.0,256.0,8580.0,18.0,Fast,11.0,1600x2560,1600.0,2560.0,274.4430874780103,90.0,8.0,0.0,16.0,0.0,Unknown,0.0,2TB,Dual Sim,not_available,Wi-Fi
Doogee,4.1,12990,Unisoc,8.0,2.0,4.0,128.0,5060.0,0.0,Unknown,8.4,1080x2400,1080.0,2400.0,313.3101742780187,0.0,5.0,0.0,13.0,0.0,Unknown,0.0,1TB,Dual Sim,not_available,Wi-Fi
Apple,4.0,79999,Apple,8.0,0.0,0.0,64.0,0.0,0.0,Unknown,12.9,2048x2732,2048.0,2732.0,264.6821778078071,0.0,12.0,0.0,12.0,0.0,iOS,17.0,Not_available,Single Sim,5G,Wi-Fi
Teclast,4.35,19999,Unisoc,8.0,2.0,8.0,128.0,7200.0,0.0,Unknown,10.51,1200x1920,1200.0,1920.0,215.4286842715114,0.0,8.0,0.0,13.0,13.0,Unknown,0.0,1TB,Dual Sim,not_available,Wi-Fi
Apple,4.25,59999,Bionic,6.0,3.22,0.0,64.0,0.0,0.0,Unknown,10.9,1640x2360,1640.0,2360.0,263.65893499722654,0.0,12.0,0.0,12.0,0.0,iPadOS,17.0,Not_available,Single Sim,5G,Wi-Fi
Ulefone,4.45,20999,Helio,8.0,2.2,8.0,256.0,18600.0,0.0,Unknown,11.0,1200x2000,1200.0,2000.0,212.0346143580109,0.0,16.0,0.0,48.0,0.0,Unknown,0.0,Supported,Dual Sim,not_available,Wi-Fi
Wishtel,4.2,10416,Octa,8.0,2.0,3.0,32.0,5500.0,0.0,Unknown,8.0,1280x800,1280.0,800.0,188.67962264113208,0.0,5.0,0.0,8.0,0.0,Unknown,0.0,128GB,Dual Sim,not_available,Wi-Fi
Samsung,4.55,11999,Helio,8.0,2.2,4.0,64.0,5100.0,15.0,Fast,8.7,800x1340,800.0,1340.0,179.38401080367268,0.0,2.0,0.0,8.0,0.0,Android,13.0,1TB,Unknown,Unknown,Wi-Fi
Samsung,4.1,55999,Exynos,8.0,2.4,8.0,256.0,8000.0,45.0,Fast,10.9,1440x2304,1440.0,2304.0,249.26482257177082,90.0,12.0,0.0,8.0,0.0,Unknown,0.0,1TB,Single Sim,5G,Wi-Fi
Samsung,4.2,47999,Exynos,8.0,2.4,8.0,256.0,8000.0,45.0,Fast,10.9,1440x2304,1440.0,2304.0,249.26482257177082,90.0,12.0,0.0,8.0,0.0,Android,13.0,1TB,Unknown,Unknown,Wi-Fi
iKall,4.25,7999,Octa,8.0,2.0,3.0,32.0,5000.0,0.0,Unknown,10.1,1280x800,1280.0,800.0,149.44920605238187,0.0,5.0,0.0,8.0,0.0,Unknown,0.0,256GB,Single Sim,not_available,Wi-Fi
DOMO,4.65,10490,Octa,8.0,1.6,4.0,64.0,5020.0,0.0,Unknown,10.1,800x1280,800.0,1280.0,149.44920605238187,0.0,5.0,0.0,13.0,0.0,Unknown,0.0,512GB,Dual Sim,not_available,Wi-Fi
Lenovo,4.65,19990,Helio,8.0,2.0,4.0,64.0,7040.0,15.0,Fast,11.0,1200x1920,1200.0,1920.0,205.8323156085077,90.0,8.0,0.0,13.0,8.0,Android,13.0,128GB,Unknown,Unknown,Wi-Fi
Wishtel,4.35,12340,Octa,8.0,2.0,4.0,64.0,5500.0,0.0,Unknown,8.4,1920x1200,1920.0,1200.0,269.5423180587601,0.0,5.0,0.0,8.0,0.0,Unknown,0.0,1TB,Dual Sim,not_available,Wi-Fi
iKall,4.3,3999,Quad,4.0,1.3,2.0,32.0,3000.0,0.0,Unknown,7.0,1024x600,1024.0,600.0,169.54777786686512,0.0,2.0,0.0,5.0,0.0,Android,10.0,32GB,Unknown,Unknown,Wi-Fi
Amazon,4.0,12999,Unknown,0.0,0.0,3.0,32.0,0.0,0.0,Unknown,10.01,1200x1920,1200.0,1920.0,226.18935781154693,0.0,0.0,0.0,0.0,0.0,Unknown,0.0,Supported,Unknown,not_available,Wi-Fi
Huawei,4.45,35000,Kirin,8.0,2.62,12.0,256.0,10100.0,88.0,Fast,13.2,2880x1920,2880.0,1920.0,262.2219109428356,144.0,16.0,0.0,13.0,8.0,Harmony,4.0,Not_available,Unknown,Unknown,Wi-Fi
Motorola,4.45,19999,Octa,8.0,0.0,6.0,128.0,7800.0,33.0,Fast,10.6,1200x2000,1200.0,2000.0,220.0359205602,0.0,8.0,0.0,8.0,0.0,Unknown,0.0,1TB,Single Sim,not_available,Wi-Fi
Huawei,4.4,40999,Snapdragon,8.0,2.4,8.0,256.0,7700.0,0.0,Fast,11.5,1440x2200,1440.0,2200.0,228.6410911936667,120.0,8.0,0.0,13.0,0.0,Harmony,3.1,Unknown,Unknown,not_available,Wi-Fi
Cubot,4.05,10499,Tiger,8.0,2.0,8.0,128.0,7000.0,0.0,Unknown,10.4,1200x2000,1200.0,2000.0,224.26738057097307,0.0,5.0,0.0,13.0,0.0,Unknown,0.0,(Hybrid),Dual Sim,not_available,Wi-Fi
Doogee,4.7,29999,Unisoc,8.0,2.0,15.0,256.0,8580.0,18.0,Fast,10.1,Unknown,0.0,0.0,0.0,0.0,8.0,0.0,13.0,0.0,Android,12.0,Not_available,Unknown,Unknown,Wi-Fi
Doogee,4.0,24999,Unisoc,8.0,2.0,20.0,256.0,8250.0,18.0,Fast,10.51,Unknown,0.0,0.0,0.0,0.0,8.0,0.0,13.0,0.0,Android,13.0,1TB,Unknown,Unknown,Wi-Fi
Doogee,4.6,23999,Rockchip,4.0,2.0,9.0,0.0,5060.0,0.0,Unknown,10.1,Unknown,0.0,0.0,0.0,0.0,5.0,0.0,8.0,0.0,Unknown,0.0,Not_available,Unknown,Unknown,Wi-Fi
TCL,4.6,14990,Helio,8.0,2.0,4.0,128.0,6000.0,10.0,Fast,10.36,1200x2000,1200.0,2000.0,225.13327779325485,0.0,5.0,0.0,8.0,0.0,Unknown,0.0,Supported,Single Sim,not_available,Wi-Fi
Lenovo,4.6,14999,Helio,8.0,0.0,3.0,32.0,5100.0,0.0,Unknown,8.0,1280x800,1280.0,800.0,188.67962264113208,0.0,2.0,0.0,5.0,0.0,Android,13.0,Supported,Unknown,Unknown,Wi-Fi
Lenovo,4.5,17999,Helio,8.0,0.0,4.0,64.0,5100.0,0.0,Unknown,8.0,1280x800,1280.0,800.0,188.67962264113208,0.0,2.0,0.0,8.0,0.0,Unknown,0.0,Supported,No Sim Supported,not_available,Wi-Fi
Teclast,4.7,15900,Tiger,8.0,2.0,8.0,128.0,6000.0,0.0,Fast,10.1,1920x1200,1920.0,1200.0,224.17380907857276,0.0,5.0,0.0,13.0,0.3,Unknown,0.0,(Hybrid),Dual Sim,not_available,Wi-Fi
iKall,4.75,6999,Quad,4.0,2.0,3.0,32.0,4000.0,0.0,Unknown,8.0,600x1024,600.0,1024.0,148.35430563350698,0.0,5.0,0.0,8.0,0.0,Android,11.0,Supported,Unknown,Unknown,Wi-Fi
Oukitel,4.55,79999,Dimensity,8.0,2.0,12.0,256.0,32000.0,33.0,Fast,10.1,1920x1200,1920.0,1200.0,224.17380907857276,0.0,32.0,0.0,48.0,20.0,Android,13.0,Supported,Unknown,5G,Wi-Fi
Samsung,4.0,107014,Snapdragon,8.0,3.2,12.0,256.0,11200.0,45.0,Fast,14.6,1848x2960,1848.0,2960.0,239.0077693925176,120.0,12.0,12.0,13.0,8.0,Android,13.0,1TB,Unknown,Unknown,Wi-Fi
Samsung,4.35,72999,Snapdragon,8.0,3.2,8.0,128.0,8400.0,45.0,Fast,11.0,1600x2560,1600.0,2560.0,274.4430874780103,120.0,12.0,0.0,13.0,0.0,Android,13.0,1TB,Unknown,Unknown,Wi-Fi
Samsung,4.25,74999,Snapdragon,8.0,3.2,12.0,256.0,8400.0,45.0,Fast,11.0,1600x2560,1600.0,2560.0,274.4430874780103,120.0,12.0,0.0,13.0,0.0,Android,13.0,1TB,Unknown,Unknown,Wi-Fi
Samsung,4.7,119999,Snapdragon,8.0,3.2,12.0,512.0,11200.0,45.0,Fast,14.6,1848x2960,1848.0,2960.0,239.0077693925176,120.0,12.0,12.0,13.0,8.0,Android,13.0,1TB,Unknown,Unknown,Wi-Fi
Oukitel,4.65,19999,Helio,8.0,2.0,8.0,256.0,20000.0,33.0,Fast,10.1,1200x1920,1200.0,1920.0,224.17380907857276,0.0,16.0,0.0,16.0,0.0,Unknown,0.0,1TB,Dual Sim,not_available,Wi-Fi
Lenovo,4.4,29990,Snapdragon,8.0,3.2,12.0,256.0,6550.0,45.0,Fast,8.8,1600x2560,1600.0,2560.0,343.05385934751286,144.0,8.0,0.0,13.0,2.0,Unknown,0.0,Supported,Single Sim,not_available,Wi-Fi
Acer,4.05,11999,Kompanio,8.0,2.0,4.0,64.0,6000.0,0.0,Unknown,10.1,1920x1200,1920.0,1200.0,224.17380907857276,0.0,5.0,0.0,13.0,0.0,Android,0.0,1TB,Unknown,Unknown,Wi-Fi
HTC,4.65,15999,Unisoc,8.0,2.0,8.0,128.0,7000.0,0.0,Unknown,10.36,2000x1200,2000.0,1200.0,225.13327779325485,0.0,5.0,0.0,5.0,0.0,Unknown,0.0,512GB,Dual Sim,not_available,Wi-Fi
Wishtel,4.75,13380,Octa,8.0,2.0,4.0,64.0,8000.0,0.0,Unknown,10.0,1920x1200,1920.0,1200.0,226.4155471693585,0.0,5.0,0.0,8.0,0.0,Unknown,0.0,256GB,Dual Sim,not_available,Wi-Fi
Huawei,4.45,26999,Snapdragon,8.0,2.4,6.0,128.0,7700.0,22.5,Fast,11.5,1440x2200,1440.0,2200.0,228.6410911936667,120.0,8.0,0.0,13.0,0.0,Harmony,3.1,Unknown,Unknown,not_available,Wi-Fi
Acer,4.1,17899,Helio,8.0,2.0,6.0,128.0,7100.0,0.0,Unknown,10.1,1920x1200,1920.0,1200.0,224.17380907857276,0.0,5.0,0.0,13.0,0.0,Unknown,0.0,1TB,Single Sim,not_available,Wi-Fi
Doogee,4.05,16500,Unisoc,8.0,2.0,6.0,128.0,6600.0,0.0,Unknown,10.1,1200x1920,1200.0,1920.0,224.17380907857276,0.0,5.0,0.0,8.0,0.0,Unknown,0.0,1TB,Dual Sim,not_available,Wi-Fi
Doogee,4.35,24999,Tiger,8.0,2.0,8.0,128.0,7500.0,0.0,Unknown,10.4,1200x1920,1200.0,1920.0,217.7072568936139,0.0,5.0,0.0,13.0,0.0,Unknown,0.0,1TB,Dual Sim,not_available,Wi-Fi
Lenovo,4.45,8999,Helio,8.0,2.0,3.0,32.0,5100.0,10.0,Fast,9.0,800x1340,800.0,1340.0,173.40454377688357,0.0,2.0,0.0,8.0,0.0,Android,12.0,Supported,Unknown,Unknown,Wi-Fi
Blackview,4.6,19990,Helio,8.0,2.2,8.0,256.0,22000.0,33.0,Fast,10.36,1200x2000,1200.0,2000.0,225.13327779325485,0.0,16.0,0.0,48.0,0.0,Unknown,0.0,(Hybrid),Dual Sim,not_available,Wi-Fi
Honor,4.35,10999,Snapdragon,8.0,2.8,4.0,128.0,7250.0,0.0,Fast,11.5,2000x1200,2000.0,1200.0,202.81571808157565,120.0,5.0,0.0,5.0,0.0,Android,13.0,Unknown,Unknown,not_available,Wi-Fi
Honor,4.05,36999,Snapdragon,8.0,2.84,8.0,256.0,10050.0,66.0,Fast,13.0,1840x2880,1840.0,2880.0,262.8924229328471,144.0,9.0,0.0,13.0,0.0,Android,13.0,Not_available,Unknown,Unknown,Wi-Fi
Boox,4.1,87282,Snapdragon,8.0,0.0,4.0,64.0,5000.0,0.0,Unknown,7.8,1404x1872,1404.0,1872.0,300.0,0.0,0.0,0.0,0.0,0.0,Android,11.0,Not_available,Unknown,Unknown,Wi-Fi
iKall,4.1,6899,Octa,8.0,2.0,3.0,32.0,4500.0,0.0,Unknown,8.0,480x640,480.0,640.0,100.0,0.0,2.0,0.0,5.0,0.0,Unknown,0.0,128GB,Single Sim,not_available,Wi-Fi
Realme,4.35,13999,Tiger,8.0,2.0,6.0,128.0,6400.0,18.0,Fast,8.68,800x1340,800.0,1340.0,179.79733801750604,0.0,5.0,0.0,8.0,0.0,Unknown,0.0,1TB,Dual Sim,not_available,Wi-Fi
Teclast,4.25,15000,Helio,8.0,2.2,8.0,256.0,8000.0,18.0,Fast,11.0,2000x1200,2000.0,1200.0,212.0346143580109,0.0,8.0,0.0,20.0,20.0,Unknown,0.0,1TB,Dual Sim,not_available,Wi-Fi
Domo,4.65,7999,Helio,4.0,1.5,4.0,64.0,4020.0,0.0,Unknown,8.0,1280x800,1280.0,800.0,188.67962264113208,0.0,2.0,0.0,5.0,0.0,Unknown,0.0,512GB,Dual Sim,not_available,Wi-Fi
Teclast,4.3,5990,Allwinner,8.0,0.0,4.0,64.0,5000.0,0.0,Fast,10.1,1280x800,1280.0,800.0,149.44920605238187,0.0,2.0,0.0,5.0,0.0,Android,13.0,1TB,Unknown,Unknown,Wi-Fi
Lenovo,4.25,10349,Helio,8.0,2.0,4.0,64.0,5100.0,10.0,Fast,9.0,800x1340,800.0,1340.0,173.40454377688357,0.0,2.0,0.0,8.0,0.0,Unknown,0.0,512GB,Single Sim,not_available,Wi-Fi
Acer,4.0,17990,Helio,8.0,2.0,4.0,64.0,7100.0,0.0,Unknown,10.1,1920x1200,1920.0,1200.0,224.17380907857276,0.0,5.0,0.0,13.0,0.0,Unknown,0.0,1TB,Single Sim,not_available,Wi-Fi
Doogee,4.05,28990,Helio,8.0,2.2,8.0,256.0,8580.0,18.0,Fast,11.0,1600x2560,1600.0,2560.0,274.4430874780103,90.0,8.0,0.0,20.0,0.0,Unknown,0.0,2TB,Dual Sim,not_available,Wi-Fi
DOMO,4.5,5499,Helio,4.0,1.3,2.0,32.0,3000.0,0.0,Unknown,7.0,600x1024,600.0,1024.0,169.54777786686512,0.0,2.0,0.0,5.0,0.0,Unknown,0.0,128GB,Dual Sim,not_available,Wi-Fi
Xiaomi,4.35,15990,Snapdragon,8.0,2.4,3.0,64.0,8000.0,18.0,Fast,11.0,1200x2000,1200.0,2000.0,212.0346143580109,90.0,8.0,0.0,8.0,0.0,Unknown,0.0,1TB,Unknown,not_available,Wi-Fi
Huawei,4.5,32999,Snapdragon,8.0,2.84,6.0,128.0,8300.0,0.0,Fast,11.5,2800x1840,2800.0,1840.0,291.3445786625659,144.0,8.0,0.0,13.0,0.0,Unknown,0.0,1TB,Single Sim,not_available,Wi-Fi
Vaio,4.4,28990,Tiger,8.0,2.0,8.0,128.0,7000.0,15.0,Fast,10.4,1200x2000,1200.0,2000.0,224.26738057097307,0.0,5.0,0.0,8.0,0.0,Unknown,0.0,1TB,Single Sim,not_available,Wi-Fi
Honor,4.6,21999,Dimensity,8.0,0.0,8.0,256.0,7250.0,0.0,Fast,11.0,1600x2560,1600.0,2560.0,274.4430874780103,120.0,5.0,0.0,13.0,2.0,Unknown,0.0,Supported,Single Sim,5G,Wi-Fi
ZTE,4.15,39990,Snapdragon,8.0,3.2,8.0,256.0,10000.0,80.0,Fast,12.1,1600x2560,1600.0,2560.0,249.4937158891003,120.0,8.0,0.0,13.0,0.0,Android,13.0,Unknown,Dual Sim,5G,Wi-Fi
Lava,4.1,12494,Helio,4.0,0.0,3.0,32.0,5900.0,0.0,Unknown,10.1,1280x800,1280.0,800.0,149.44920605238187,0.0,2.0,0.0,5.0,0.0,Unknown,0.0,128GB,Dual Sim,not_available,Wi-Fi
Huawei,4.55,25990,Snapdragon,8.0,3.2,6.0,128.0,7250.0,22.5,Fast,11.0,2560x1600,2560.0,1600.0,274.4430874780103,120.0,8.0,0.0,13.0,0.0,Unknown,0.0,1TB,Unknown,not_available,Wi-Fi
Lenovo,4.6,59990,Dimensity,8.0,3.05,8.0,128.0,12300.0,68.0,Fast,14.5,1080x2400,1080.0,2400.0,181.50382509899015,120.0,8.0,0.0,8.0,0.0,Unknown,0.0,512GB,Dual Sim,5G,Wi-Fi
Blackview,4.0,17990,(12,8.0,2.0,8.0,128.0,7680.0,0.0,Unknown,11.0,1200x2000,1200.0,2000.0,212.0346143580109,0.0,8.0,0.0,13.0,0.0,Unknown,0.0,1TB,Dual Sim,not_available,Wi-Fi
Cube,4.05,24990,Dimensity,8.0,2.4,8.0,256.0,8040.0,25.0,Fast,10.58,1200x2000,1200.0,2000.0,220.45186747997354,120.0,5.0,0.0,13.0,0.0,Unknown,0.0,1TB,Single Sim,5G,Wi-Fi
itel,4.1,11765,Unisoc,4.0,0.0,4.0,128.0,6000.0,10.0,Fast,10.1,1280x800,1280.0,800.0,149.44920605238187,0.0,8.0,0.0,5.0,0.0,Unknown,0.0,512GB,Single Sim,not_available,Wi-Fi
TCL,4.3,19990,Helio,8.0,2.0,0.0,0.0,8000.0,18.0,Fast,10.95,1200x2000,1200.0,2000.0,213.00280894412057,0.0,8.0,0.0,8.0,0.0,Android,13.0,Supported,Single Sim,not_available,Wi-Fi
Teclast,4.4,5999,Quad,4.0,0.0,4.0,64.0,5000.0,0.0,Fast,10.1,1280x800,1280.0,800.0,149.44920605238187,0.0,2.0,0.0,5.0,0.0,Android,12.0,1TB,Unknown,Unknown,Wi-Fi
HTC,4.3,14990,Helio,8.0,0.0,6.0,128.0,8400.0,0.0,Unknown,11.0,1200x1920,1200.0,1920.0,205.8323156085077,0.0,5.0,0.0,13.0,2.0,Unknown,0.0,256GB,Dual Sim,not_available,Wi-Fi
Teclast,4.65,12499,Tiger,8.0,2.0,6.0,128.0,7000.0,0.0,Fast,10.1,1920x1200,1920.0,1200.0,224.17380907857276,0.0,5.0,0.0,8.0,0.0,Unknown,0.0,Supported,Dual Sim,not_available,Wi-Fi
Chuwi,4.2,11990,Tiger,8.0,2.0,6.0,128.0,7040.0,15.0,Fast,10.51,1200x1920,1200.0,1920.0,215.4286842715114,0.0,8.0,0.0,13.0,0.0,Unknown,0.0,1TB,Single Sim,not_available,Wi-Fi
Nokia,4.6,17999,Tiger,8.0,2.0,4.0,64.0,8200.0,18.0,Fast,10.36,1200x2000,1200.0,2000.0,225.13327779325485,0.0,8.0,0.0,8.0,0.0,Unknown,0.0,512GB,Unknown,not_available,Wi-Fi
Realme,4.0,22990,Helio,8.0,2.0,6.0,128.0,7100.0,18.0,Fast,10.4,1200x2000,1200.0,2000.0,224.26738057097307,0.0,8.0,0.0,8.0,0.0,Unknown,0.0,1TB,Dual Sim,not_available,Wi-Fi
TCL,4.35,42999,Helio,8.0,2.4,8.0,256.0,8000.0,18.0,Fast,12.2,1440x2160,1440.0,2160.0,212.78663265033381,0.0,8.0,8.0,13.0,0.0,Unknown,0.0,512GB,Single Sim,5G,Wi-Fi
Realme,4.05,25999,Helio,8.0,2.0,6.0,128.0,7100.0,18.0,Fast,10.4,1200x2000,1200.0,2000.0,224.26738057097307,0.0,8.0,0.0,8.0,0.0,Unknown,0.0,1TB,Dual Sim,not_available,Wi-Fi
Oukitel,4.75,12990,Helio,8.0,2.0,4.0,64.0,5150.0,33.0,Fast,8.0,1280x800,1280.0,800.0,188.67962264113208,0.0,8.0,0.0,16.0,0.0,Unknown,0.0,1TB,Dual Sim,not_available,Wi-Fi
Nokia,4.75,15498,Tiger,8.0,2.0,4.0,64.0,5250.0,0.0,Unknown,8.0,800x1200,800.0,1200.0,180.27756377319946,0.0,2.0,0.0,8.0,0.0,Unknown,0.0,Supported,Single Sim,not_available,Wi-Fi
Doogee,4.5,17990,Tiger,8.0,2.0,8.0,128.0,8500.0,18.0,Fast,10.4,1200x1920,1200.0,1920.0,217.7072568936139,0.0,8.0,0.0,13.0,0.0,Unknown,0.0,1TB,Dual Sim,not_available,Wi-Fi
Honor,4.6,29999,Dimensity,8.0,2.85,8.0,256.0,10050.0,0.0,Fast,12.1,1600x2560,1600.0,2560.0,249.4937158891003,144.0,5.0,0.0,13.0,0.0,Unknown,0.0,Supported,Single Sim,5G,Wi-Fi
Oppo,4.15,35990,Dimensity,8.0,3.05,8.0,256.0,9510.0,67.0,Fast,11.61,2000x2800,2000.0,2800.0,296.37640885590446,144.0,8.0,0.0,13.0,0.0,Android,13.0,Not_available,Unknown,Unknown,Wi-Fi
HUAWEI,4.2,34990,Snapdragon,8.0,2.84,6.0,128.0,7250.0,22.5,Fast,10.95,1600x2560,1600.0,2560.0,275.69625226101493,0.0,8.0,0.0,13.0,0.0,Unknown,0.0,1TB,Single Sim,not_available,Wi-Fi
Samsung,4.55,8999,Helio,8.0,2.4,3.0,32.0,5100.0,15.0,Fast,8.7,800x1340,800.0,1340.0,179.38401080367268,0.0,2.0,0.0,8.0,0.0,Unknown,0.0,1TB,Single Sim,not_available,Wi-Fi
Doogee,4.75,14499,Unisoc,8.0,2.0,8.0,128.0,8300.0,18.0,Fast,10.1,1200x1920,1200.0,1920.0,224.17380907857276,0.0,8.0,0.0,13.0,0.0,Unknown,0.0,1TB,Dual Sim,not_available,Wi-Fi
Huawei,4.4,23990,Snapdragon,8.0,2.4,3.0,32.0,7250.0,22.5,Fast,10.4,1200x2000,1200.0,2000.0,224.26738057097307,0.0,2.0,0.0,5.0,0.0,Unknown,0.0,Supported,Single Sim,not_available,Wi-Fi
Lenovo,4.35,32999,Kompanio,8.0,2.6,8.0,256.0,8000.0,20.0,Fast,11.2,1536x2560,1536.0,2560.0,266.5578009072138,120.0,8.0,0.0,13.0,0.0,Unknown,0.0,Supported,Unknown,not_available,Wi-Fi
Lenovo,4.55,29999,Helio,8.0,2.05,8.0,128.0,8500.0,0.0,Unknown,11.0,2000x1200,2000.0,1200.0,212.0346143580109,0.0,8.0,0.0,13.0,0.0,Unknown,0.0,512GB,Unknown,not_available,Wi-Fi
Apple,4.55,147090,Apple,8.0,0.0,8.0,512.0,10758.0,18.0,Fast,12.9,2048x2732,2048.0,2732.0,264.6821778078071,0.0,12.0,0.0,12.0,10.0,iPadOS,16.0,Unknown,Single Sim,5G,Wi-Fi
Apple,4.0,108532,Apple,8.0,0.0,8.0,512.0,7538.0,18.0,Fast,11.0,1668x2388,1668.0,2388.0,264.8056826935118,0.0,12.0,0.0,12.0,10.0,iPadOS,16.0,Unknown,Unknown,not_available,Wi-Fi
Apple,4.15,118390,Apple,8.0,0.0,8.0,512.0,7538.0,18.0,Fast,11.0,1668x2388,1668.0,2388.0,264.8056826935118,0.0,12.0,0.0,12.0,10.0,iPadOS,16.0,Unknown,Single Sim,5G,Wi-Fi
Apple,4.5,200673,Apple,8.0,0.0,16.0,2000.0,7538.0,18.0,Fast,11.0,1668x2388,1668.0,2388.0,264.8056826935118,0.0,12.0,0.0,12.0,10.0,iPadOS,16.0,Unknown,Single Sim,5G,Wi-Fi
Apple,4.55,103900,Apple,8.0,0.0,8.0,256.0,7538.0,18.0,Fast,11.0,1668x2388,1668.0,2388.0,264.8056826935118,0.0,12.0,0.0,12.0,10.0,iPadOS,16.0,Unknown,Single Sim,5G,Wi-Fi
Apple,4.4,183990,Apple,8.0,0.0,16.0,1000.0,10758.0,18.0,Fast,12.9,2048x2732,2048.0,2732.0,264.6821778078071,0.0,12.0,0.0,12.0,10.0,iPadOS,16.0,Unknown,Single Sim,5G,Wi-Fi
Apple,4.65,230740,Apple,8.0,0.0,16.0,2000.0,10758.0,18.0,Fast,12.9,2048x2732,2048.0,2732.0,264.6821778078071,0.0,12.0,0.0,12.0,10.0,iPadOS,16.0,Unknown,Single Sim,5G,Wi-Fi
Apple,4.15,216191,Apple,8.0,0.0,16.0,2000.0,10758.0,18.0,Fast,12.9,2048x2732,2048.0,2732.0,264.6821778078071,0.0,12.0,0.0,12.0,10.0,iPadOS,16.0,Unknown,Unknown,not_available,Wi-Fi
Apple,4.55,147328,Apple,8.0,0.0,16.0,1000.0,7538.0,18.0,Fast,11.0,1668x2388,1668.0,2388.0,264.8056826935118,0.0,12.0,0.0,12.0,10.0,iPadOS,16.0,Unknown,Unknown,not_available,Wi-Fi
Apple,4.3,118939,Apple,8.0,0.0,8.0,256.0,10758.0,18.0,Fast,12.9,2048x2732,2048.0,2732.0,264.6821778078071,0.0,12.0,0.0,12.0,10.0,iPadOS,16.0,Unknown,Unknown,not_available,Wi-Fi
Apple,4.6,105290,Apple,8.0,0.0,8.0,128.0,10758.0,18.0,Fast,12.9,2048x2732,2048.0,2732.0,264.6821778078071,0.0,12.0,0.0,12.0,10.0,iPadOS,16.0,Unknown,Unknown,not_available,Wi-Fi
Apple,4.2,128590,Apple,8.0,0.0,8.0,256.0,10758.0,18.0,Fast,12.9,2048x2732,2048.0,2732.0,264.6821778078071,0.0,12.0,0.0,12.0,10.0,iPadOS,16.0,Unknown,Single Sim,5G,Wi-Fi
Apple,4.0,90390,Apple,8.0,0.0,8.0,128.0,7538.0,18.0,Fast,11.0,1668x2388,1668.0,2388.0,264.8056826935118,0.0,12.0,0.0,12.0,10.0,iPadOS,16.0,Unknown,Single Sim,5G,Wi-Fi
Apple,4.6,133090,Apple,8.0,0.0,8.0,512.0,10758.0,18.0,Fast,12.9,2048x2732,2048.0,2732.0,264.6821778078071,0.0,12.0,0.0,12.0,10.0,iPadOS,16.0,Unknown,Unknown,not_available,Wi-Fi
Apple,4.75,88990,Apple,8.0,0.0,8.0,256.0,7538.0,18.0,Fast,11.0,1668x2388,1668.0,2388.0,264.8056826935118,0.0,12.0,0.0,12.0,10.0,iPadOS,16.0,Unknown,Unknown,not_available,Wi-Fi
Apple,4.2,161877,Apple,8.0,0.0,16.0,1000.0,7538.0,18.0,Fast,11.0,1668x2388,1668.0,2388.0,264.8056826935118,0.0,12.0,0.0,12.0,10.0,iPadOS,16.0,Unknown,Single Sim,5G,Wi-Fi
Samsung,4.25,122846,Snapdragon,8.0,2.0,4.0,64.0,7600.0,15.0,Fast,10.1,1920x1200,1920.0,1200.0,224.17380907857276,0.0,8.0,0.0,13.0,0.0,Unknown,0.0,Supported,Single Sim,not_available,Wi-Fi
Apple,4.05,106990,Apple,8.0,0.0,8.0,256.0,7938.0,18.0,Fast,11.0,1668x2388,1668.0,2388.0,264.8056826935118,0.0,12.0,0.0,12.0,10.0,iOS,16.0,Unknown,Single Sim,5G,Wi-Fi
Lenovo,4.4,9999,Helio,8.0,2.0,6.0,32.0,5000.0,0.0,Unknown,10.1,1280x800,1280.0,800.0,149.44920605238187,0.0,5.0,0.0,8.0,0.0,Unknown,0.0,256GB,Unknown,not_available,Wi-Fi
Nokia,4.45,10049,Tiger,8.0,2.0,4.0,64.0,5250.0,0.0,Unknown,8.0,800x1280,800.0,1280.0,188.67962264113208,0.0,2.0,0.0,8.0,0.0,Unknown,0.0,Supported,Unknown,not_available,Wi-Fi
Oukitel,4.3,18990,Helio,8.0,2.0,8.0,128.0,20000.0,33.0,Fast,10.1,1920x1200,1920.0,1200.0,224.17380907857276,0.0,16.0,0.0,16.0,0.0,Unknown,0.0,1TB,Dual Sim,not_available,Wi-Fi
Lenovo,4.7,18999,Snapdragon,8.0,2.4,6.0,128.0,7700.0,0.0,Fast,10.61,2000x1200,2000.0,1200.0,219.82853514968144,0.0,8.0,0.0,8.0,0.0,Unknown,0.0,1TB,Single Sim,not_available,Wi-Fi
Honor,4.5,18494,Snapdragon,8.0,2.4,6.0,128.0,7250.0,22.5,Fast,12.0,2000x1200,2000.0,1200.0,194.36506316151,0.0,5.0,0.0,5.0,0.0,Unknown,0.0,512GB,Unknown,not_available,Wi-Fi
Lenovo,4.45,10999,Tiger,8.0,1.8,4.0,64.0,5100.0,0.0,Unknown,10.1,1920x1200,1920.0,1200.0,224.17380907857276,0.0,5.0,0.0,8.0,0.0,Unknown,0.0,128GB,Unknown,not_available,Wi-Fi
Google,4.2,45990,Unknown,0.0,0.0,8.0,128.0,7100.0,0.0,Fast,12.1,1200x2000,1200.0,2000.0,192.75874032546446,120.0,8.0,0.0,12.0,12.0,Unknown,0.0,Unknown,Unknown,not_available,Wi-Fi
iKall,4.45,10990,Octa,8.0,2.0,4.0,64.0,6000.0,0.0,Unknown,10.0,1280x800,1280.0,800.0,150.94369811290568,0.0,8.0,0.0,13.0,0.0,Unknown,0.0,128GB,Single Sim,not_available,Wi-Fi
Lenovo,4.25,37990,Kompanio,8.0,2.6,4.0,128.0,7700.0,20.0,Fast,11.2,1200x2000,1200.0,2000.0,208.24828195876074,120.0,8.0,0.0,13.0,0.0,Unknown,0.0,1TB,Single Sim,not_available,Wi-Fi
Blackview,4.1,13990,Helio,8.0,2.0,6.0,128.0,7280.0,0.0,Unknown,10.1,1920x1200,1920.0,1200.0,224.17380907857276,0.0,8.0,0.0,13.0,0.3,Unknown,0.0,1TB,Dual Sim,not_available,Wi-Fi
Lenovo,4.3,45990,Snapdragon,8.0,3.2,8.0,128.0,8200.0,68.0,Fast,11.2,2560x1536,2560.0,1536.0,266.5578009072138,120.0,8.0,0.0,8.0,0.0,Unknown,0.0,1TB,Dual Sim,not_available,Wi-Fi
Xiaomi,4.3,35990,Snapdragon,8.0,3.2,6.0,128.0,10000.0,67.0,Fast,12.4,1600x2560,1600.0,2560.0,243.45757760146074,120.0,8.0,0.0,50.0,2.0,Android,12.0,Unknown,Single Sim,5G,Wi-Fi
Teclast,4.15,7990,Helio,8.0,2.0,4.0,64.0,6000.0,0.0,Fast,10.1,1920x1200,1920.0,1200.0,224.17380907857276,0.0,5.0,0.0,8.0,0.0,Unknown,0.0,1TB,Single Sim,not_available,Wi-Fi
Xiaomi,4.25,29990,Snapdragon,8.0,0.0,6.0,128.0,7800.0,67.0,Fast,10.1,1200x2000,1200.0,2000.0,230.92878791466535,0.0,8.0,0.0,13.0,0.0,Android,12.0,Unknown,Single Sim,5G,Wi-Fi
Samsung,4.65,19999,Tiger,8.0,2.0,3.0,32.0,7040.0,15.0,Fast,10.4,1200x2000,1200.0,2000.0,224.26738057097307,0.0,5.0,0.0,8.0,0.0,Unknown,0.0,1TB,Single Sim,not_available,Wi-Fi
Realme,4.0,17999,Snapdragon,8.0,2.2,4.0,64.0,8340.0,33.0,Fast,10.95,1200x2000,1200.0,2000.0,213.00280894412057,0.0,8.0,0.0,13.0,0.0,Unknown,0.0,512GB,Unknown,not_available,Wi-Fi
Honor,4.4,15499,Snapdragon,8.0,2.4,4.0,128.0,7250.0,22.5,Fast,12.0,2000x1200,2000.0,1200.0,194.36506316151,0.0,5.0,0.0,5.0,0.0,Unknown,0.0,512GB,Unknown,not_available,Wi-Fi
Honor,4.2,17999,Snapdragon,8.0,2.4,4.0,128.0,7250.0,22.5,Fast,12.0,2000x1200,2000.0,1200.0,194.36506316151,0.0,5.0,0.0,5.0,0.0,Unknown,0.0,512GB,Unknown,not_available,Wi-Fi
Nokia,4.0,11799,Tiger,8.0,2.0,3.0,32.0,5250.0,0.0,Unknown,8.0,800x1280,800.0,1280.0,188.67962264113208,0.0,2.0,0.0,8.0,0.0,Unknown,0.0,Supported,Unknown,not_available,Wi-Fi
Nokia,4.45,10749,Tiger,8.0,2.0,3.0,32.0,5250.0,0.0,Unknown,8.0,800x1200,800.0,1200.0,180.27756377319946,0.0,2.0,0.0,8.0,0.0,Unknown,0.0,Supported,Single Sim,not_available,Wi-Fi
Nothing,4.0,26990,Octa,8.0,0.0,6.0,128.0,7000.0,45.0,Fast,10.1,1600x2560,1600.0,2560.0,298.89841210476374,120.0,8.0,0.0,12.0,0.0,Unknown,0.0,512GB,Dual Sim,5G,Wi-Fi
Amazon,4.6,8990,Quad,4.0,2.0,2.0,32.0,0.0,0.0,Unknown,7.0,1024x600,1024.0,600.0,169.54777786686512,0.0,2.0,0.0,2.0,0.0,Unknown,0.0,1TB,Unknown,Unknown,Wi-Fi
DOMO,4.2,4999,Allwinner,4.0,1.6,2.0,32.0,3000.0,0.0,Unknown,7.0,480x800,480.0,800.0,133.27890045360687,0.0,2.0,0.0,5.0,0.0,Unknown,0.0,64GB,No Sim Supported,not_available,Wi-Fi
Teclast,4.35,19990,Tiger,8.0,2.0,8.0,128.0,7500.0,18.0,Fast,11.0,2000x1200,2000.0,1200.0,212.0346143580109,0.0,8.0,0.0,20.0,0.0,Unknown,0.0,1TB,Dual Sim,not_available,Wi-Fi
Samsung,4.6,49990,Snapdragon,8.0,2.4,4.0,64.0,7600.0,0.0,Unknown,10.1,1200x1920,1200.0,1920.0,224.17380907857276,0.0,8.0,0.0,13.0,0.0,Unknown,0.0,1.02TB,Single Sim,5G,Wi-Fi
Lenovo,4.15,69999,Snapdragon,8.0,3.2,8.0,256.0,10200.0,45.0,Fast,12.6,1600x2560,1600.0,2560.0,239.5931716077868,120.0,8.0,0.0,13.0,5.0,Unknown,0.0,1TB,Single Sim,5G,Wi-Fi
Lenovo,4.2,39999,Snapdragon,8.0,2.4,6.0,64.0,7000.0,0.0,Fast,10.6,2000x1200,2000.0,1200.0,220.0359205602,0.0,8.0,0.0,8.0,0.0,Unknown,0.0,1TB,Dual Sim,not_available,Wi-Fi
Huawei,4.3,27990,Kirin,8.0,2.36,4.0,64.0,7250.0,22.5,Fast,10.4,1200x2000,1200.0,2000.0,224.26738057097307,0.0,8.0,0.0,8.0,0.0,Unknown,0.0,Supported,Single Sim,not_available,Wi-Fi
Samsung,4.65,25999,Snapdragon,8.0,2.3,4.0,64.0,7040.0,15.0,Fast,10.4,1200x2000,1200.0,2000.0,224.26738057097307,0.0,5.0,0.0,8.0,0.0,Unknown,0.0,Supported,Single Sim,not_available,Wi-Fi
Samsung,4.2,33990,Snapdragon,8.0,2.3,4.0,128.0,7040.0,15.0,Fast,10.4,1200x2000,1200.0,2000.0,224.26738057097307,0.0,5.0,0.0,8.0,0.0,Unknown,0.0,Supported,Single Sim,not_available,Wi-Fi
Realme,4.15,14494,Tiger,8.0,2.0,4.0,64.0,6400.0,18.0,Fast,8.68,800x1340,800.0,1340.0,179.79733801750604,0.0,5.0,0.0,8.0,0.0,Unknown,0.0,1TB,Unknown,not_available,Wi-Fi
Realme,4.2,9999,Tiger,8.0,2.0,3.0,32.0,6400.0,18.0,Fast,8.68,800x1340,800.0,1340.0,179.79733801750604,0.0,5.0,0.0,8.0,0.0,Unknown,0.0,1TB,Unknown,not_available,Wi-Fi
iKall,4.0,3479,Unknown,0.0,0.0,2.0,16.0,3000.0,0.0,Unknown,7.0,580x980,580.0,980.0,162.68160966270582,0.0,0.3,0.0,2.0,0.0,Android,6.0,Supported,Unknown,Unknown,Wi-Fi
Realme,4.45,13999,Tiger,8.0,2.0,4.0,64.0,6400.0,18.0,Fast,8.68,800x1340,800.0,1340.0,179.79733801750604,0.0,5.0,0.0,8.0,0.0,Unknown,0.0,1TB,Dual Sim,not_available,Wi-Fi
Apple,4.6,78699,Apple,8.0,0.0,8.0,256.0,7729.73,20.0,Fast,10.9,1640x2360,1640.0,2360.0,263.65893499722654,0.0,12.0,0.0,12.0,0.0,iOS,15.0,Unknown,Single Sim,5G,Wi-Fi
Swipe,4.55,8999,Tiger,4.0,2.0,3.0,32.0,6000.0,0.0,Unknown,10.1,1200x800,1200.0,800.0,142.79410991936592,0.0,5.0,0.0,8.0,0.0,Unknown,0.0,128GB,Unknown,not_available,Wi-Fi
Swipe,4.1,10999,Tiger,4.0,2.0,4.0,64.0,6000.0,0.0,Unknown,10.1,1200x800,1200.0,800.0,142.79410991936592,0.0,5.0,0.0,8.0,0.0,Unknown,0.0,128GB,Unknown,not_available,Wi-Fi
Swipe,4.45,9999,Tiger,4.0,2.0,3.0,32.0,6000.0,0.0,Unknown,10.1,1200x800,1200.0,800.0,142.79410991936592,0.0,5.0,0.0,8.0,0.0,Unknown,0.0,128GB,Dual Sim,not_available,Wi-Fi
Samsung,4.25,106999,Snapdragon,8.0,3.0,12.0,256.0,11200.0,45.0,Fast,14.6,1848x2960,1848.0,2960.0,239.0077693925176,120.0,12.0,12.0,13.0,6.0,Unknown,0.0,1TB,Unknown,not_available,Wi-Fi
Huawei,4.55,6999,Helio,8.0,1.5,2.0,32.0,5100.0,0.0,Unknown,8.0,1280x800,1280.0,800.0,188.67962264113208,0.0,2.0,0.0,5.0,0.0,Unknown,0.0,512GB,Single Sim,not_available,Wi-Fi
Wishtel,4.35,20199,Octa,8.0,2.0,8.0,128.0,8000.0,0.0,Unknown,10.4,2000x1200,2000.0,1200.0,224.26738057097307,0.0,5.0,0.0,8.0,0.0,Unknown,0.0,256GB,Dual Sim,not_available,Wi-Fi
Swipe,4.65,15999,Helio,8.0,2.3,6.0,128.0,5000.0,0.0,Unknown,10.1,1920x1200,1920.0,1200.0,224.17380907857276,0.0,5.0,0.0,5.0,0.0,Unknown,0.0,Supported,Dual Sim,not_available,Wi-Fi
Swipe,4.5,6999,Helio,4.0,2.0,3.0,32.0,5000.0,0.0,Fast,8.0,800x1280,800.0,1280.0,188.67962264113208,0.0,5.0,0.0,8.0,0.0,Unknown,0.0,128GB,Dual Sim,not_available,Wi-Fi
Lenovo,4.35,15499,Tiger,8.0,1.8,4.0,64.0,5100.0,0.0,Unknown,10.1,1920x1200,1920.0,1200.0,224.17380907857276,0.0,5.0,0.0,8.0,0.0,Unknown,0.0,128GB,Single Sim,not_available,Wi-Fi
Samsung,4.1,12999,Tiger,8.0,2.0,3.0,32.0,7040.0,15.0,Fast,10.5,1200x1920,1200.0,1920.0,215.63385444700808,0.0,5.0,0.0,8.0,0.0,Unknown,0.0,1TB,Unknown,not_available,Wi-Fi
Samsung,4.4,15999,Tiger,8.0,2.0,3.0,32.0,7040.0,15.0,Fast,10.5,1200x1920,1200.0,1920.0,215.63385444700808,0.0,5.0,0.0,8.0,0.0,Unknown,0.0,1TB,Single Sim,not_available,Wi-Fi
Wishtel,4.0,17990,Unknown,0.0,0.0,4.0,64.0,0.0,0.0,Unknown,10.0,1920x1200,1920.0,1200.0,226.4155471693585,0.0,2.0,0.0,8.0,0.0,Android,11.0,Not_available,Dual Sim,not_available,Wi-Fi
DOMO,4.6,3600,Helio,4.0,1.3,1.0,8.0,3000.0,0.0,Unknown,7.0,600x1024,600.0,1024.0,169.54777786686512,0.0,2.0,0.0,5.0,0.0,Unknown,0.0,128GB,Dual Sim,not_available,Wi-Fi
Nokia,4.2,18899,Tiger,8.0,1.8,4.0,64.0,8200.0,0.0,Unknown,10.4,1200x2000,1200.0,2000.0,224.26738057097307,0.0,5.0,0.0,8.0,0.0,Unknown,0.0,512GB,Unknown,not_available,Wi-Fi
Nokia,4.2,15119,Tiger,8.0,1.8,3.0,32.0,8200.0,0.0,Unknown,10.4,1200x2000,1200.0,2000.0,224.26738057097307,0.0,5.0,0.0,8.0,0.0,Unknown,0.0,512GB,Unknown,not_available,Wi-Fi
Lenovo,4.5,6450,Helio,8.0,2.0,2.0,32.0,3750.0,0.0,Unknown,7.0,600x1024,600.0,1024.0,169.54777786686512,0.0,2.0,0.0,5.0,0.0,Unknown,0.0,128GB,Unknown,not_available,Wi-Fi
Lenovo,4.05,6800,Helio,4.0,2.0,2.0,32.0,5000.0,0.0,Unknown,8.0,1280x800,1280.0,800.0,188.67962264113208,0.0,2.0,0.0,8.0,0.0,Unknown,0.0,Supported,Single Sim,not_available,Wi-Fi
Lenovo,4.1,13999,Helio,8.0,2.0,4.0,64.0,7500.0,0.0,Unknown,10.3,1920x1200,1920.0,1200.0,219.82091958190142,0.0,5.0,0.0,8.0,0.0,Unknown,0.0,256GB,Single Sim,not_available,Wi-Fi
Lenovo,4.75,11249,Helio,8.0,2.0,4.0,64.0,7500.0,0.0,Unknown,10.3,1920x1200,1920.0,1200.0,219.82091958190142,0.0,5.0,0.0,8.0,0.0,Unknown,0.0,256GB,Unknown,not_available,Wi-Fi
Lenovo,4.4,9899,Helio,8.0,2.0,3.0,32.0,7500.0,0.0,Unknown,10.3,1920x1200,1920.0,1200.0,219.82091958190142,0.0,5.0,0.0,8.0,0.0,Unknown,0.0,256GB,Unknown,not_available,Wi-Fi
Lenovo,4.65,11099,Helio,8.0,2.3,3.0,32.0,5100.0,0.0,Unknown,8.0,1920x1200,1920.0,1200.0,283.0194339616981,0.0,5.0,0.0,13.0,0.0,Unknown,0.0,Supported,Unknown,not_available,Wi-Fi
Samsung,4.6,20999,Exynos,8.0,1.8,4.0,64.0,5100.0,0.0,Unknown,8.4,1200x1920,1200.0,1920.0,269.5423180587601,0.0,5.0,0.0,8.0,0.0,Unknown,0.0,256GB,Single Sim,not_available,Wi-Fi
Apple,4.45,59067,Bionic,6.0,0.0,0.0,64.0,0.0,0.0,Unknown,8.3,2266x1488,2266.0,1488.0,326.61270652987935,0.0,12.0,0.0,12.0,0.0,iOS,15.0,Not_available,Single Sim,5G,Wi-Fi
Apple,4.05,72646,Bionic,6.0,0.0,0.0,256.0,0.0,0.0,Unknown,8.3,2266x1488,2266.0,1488.0,326.61270652987935,0.0,12.0,0.0,12.0,0.0,iOS,15.0,Not_available,Single Sim,5G,Wi-Fi
Apple,4.25,62947,Bionic,6.0,0.0,0.0,256.0,0.0,0.0,Unknown,8.3,2266x1488,2266.0,1488.0,326.61270652987935,0.0,12.0,0.0,12.0,0.0,iOS,15.0,Not_available,Unknown,Unknown,Wi-Fi
Apple,4.75,50990,Bionic,6.0,2.65,0.0,256.0,0.0,0.0,Unknown,10.2,2160x1620,2160.0,1620.0,264.7058823529412,0.0,12.0,0.0,8.0,0.0,iOS,15.0,Not_available,Single Sim,not_available,Wi-Fi
Apple,4.7,39990,Bionic,6.0,2.65,0.0,256.0,0.0,0.0,Unknown,10.2,2160x1620,2160.0,1620.0,264.7058823529412,0.0,12.0,0.0,8.0,0.0,iOS,15.0,Not_available,Unknown,not_available,Wi-Fi
Realme,4.6,12999,Helio,8.0,2.0,3.0,32.0,7100.0,18.0,Fast,10.4,1200x2000,1200.0,2000.0,224.26738057097307,0.0,8.0,0.0,8.0,0.0,Unknown,0.0,1TB,Unknown,not_available,Wi-Fi
Realme,4.05,17999,Helio,8.0,2.0,4.0,64.0,7100.0,18.0,Fast,10.4,1200x2000,1200.0,2000.0,224.26738057097307,0.0,8.0,0.0,8.0,0.0,Unknown,0.0,1TB,Dual Sim,not_available,Wi-Fi
Lenovo,4.7,30999,Snapdragon,8.0,2.2,6.0,128.0,7500.0,0.0,Fast,11.0,1200x2000,1200.0,2000.0,212.0346143580109,0.0,8.0,0.0,13.0,0.0,Unknown,0.0,1TB,Single Sim,5G,Wi-Fi
iKall,4.65,6489,Octa,8.0,1.6,3.0,32.0,4000.0,0.0,Unknown,8.0,800x1280,800.0,1280.0,188.67962264113208,0.0,5.0,0.0,8.0,0.0,Unknown,0.0,128GB,Dual Sim,not_available,Wi-Fi
Acer,4.1,9999,Helio,4.0,2.0,2.0,32.0,5100.0,0.0,Unknown,8.0,1280x800,1280.0,800.0,188.67962264113208,0.0,2.0,0.0,8.0,0.0,Unknown,0.0,128GB,Single Sim,not_available,Wi-Fi
Nokia,3.95,17685,Tiger,8.0,1.8,4.0,64.0,8200.0,0.0,Unknown,10.4,1200x2000,1200.0,2000.0,224.26738057097307,0.0,5.0,0.0,8.0,0.0,Unknown,0.0,512GB,Single Sim,not_available,Wi-Fi
Lenovo,4.05,19999,Celeron,2.0,1.1,4.0,128.0,6000.0,0.0,Unknown,10.3,1920x1200,1920.0,1200.0,219.82091958190142,0.0,2.0,0.0,5.0,0.0,Windows,0.0,256GB,Unknown,Unknown,Wi-Fi
Lenovo,4.25,17999,Helio,8.0,2.05,4.0,128.0,7500.0,0.0,Unknown,11.0,2000x1200,2000.0,1200.0,212.0346143580109,0.0,8.0,0.0,8.0,0.0,Unknown,0.0,256GB,Single Sim,not_available,Wi-Fi
Lenovo,4.25,23998,Helio,8.0,2.05,6.0,128.0,7700.0,20.0,Fast,11.0,1200x2000,1200.0,2000.0,212.0346143580109,0.0,8.0,0.0,13.0,0.0,Unknown,0.0,256GB,Single Sim,not_available,Wi-Fi
Realme,4.05,13497,Helio,8.0,2.0,3.0,32.0,7100.0,18.0,Fast,10.4,1200x2000,1200.0,2000.0,224.26738057097307,0.0,8.0,0.0,8.0,0.0,Unknown,0.0,1TB,Dual Sim,not_available,Wi-Fi
Samsung,4.6,9799,Helio,8.0,2.4,3.0,32.0,5100.0,15.0,Fast,8.7,800x1340,800.0,1340.0,179.38401080367268,0.0,2.0,0.0,8.0,0.0,Unknown,0.0,1TB,Unknown,not_available,Wi-Fi
Lenovo,4.75,9990,Helio,8.0,2.0,2.0,32.0,5000.0,0.0,Unknown,10.1,1280x800,1280.0,800.0,149.44920605238187,0.0,5.0,0.0,8.0,0.0,Unknown,0.0,256GB,Single Sim,not_available,Wi-Fi
Lenovo,4.4,24999,Snapdragon,8.0,2.0,6.0,128.0,5000.0,0.0,Unknown,10.3,1920x1200,1920.0,1200.0,219.82091958190142,0.0,5.0,0.0,8.0,0.0,Unknown,0.0,256GB,Single Sim,not_available,Wi-Fi
Apple,4.75,165756,Apple,8.0,0.0,16.0,2000.0,7538.0,18.0,Fast,11.0,1668x2388,1668.0,2388.0,264.8056826935118,0.0,12.0,0.0,12.0,10.0,iOS,14.5,Unknown,Unknown,not_available,Wi-Fi
Apple,4.65,157997,Apple,8.0,0.0,16.0,1000.0,0.0,0.0,Unknown,12.9,2048x2732,2048.0,2732.0,264.6821778078071,0.0,12.0,0.0,12.0,10.0,iOS,14.5,Not_available,Unknown,not_available,Wi-Fi
Lenovo,4.55,9499,Helio,8.0,2.0,2.0,32.0,5000.0,0.0,Unknown,10.1,1280x800,1280.0,800.0,149.44920605238187,0.0,5.0,0.0,8.0,0.0,Unknown,0.0,256GB,Unknown,not_available,Wi-Fi
Apple,4.2,139999,Apple,8.0,0.0,16.0,1000.0,7538.0,18.0,Fast,11.0,1668x2388,1668.0,2388.0,264.8056826935118,0.0,12.0,0.0,12.0,10.0,iOS,14.5,Unknown,Single Sim,5G,Wi-Fi
Lenovo,4.65,8990,Helio,8.0,2.0,2.0,32.0,5000.0,0.0,Unknown,10.3,1920x1200,1920.0,1200.0,219.82091958190142,0.0,5.0,0.0,8.0,0.0,Unknown,0.0,256GB,Single Sim,not_available,Wi-Fi
Apple,4.3,192914,Apple,8.0,0.0,16.0,2000.0,0.0,0.0,Unknown,12.9,2048x2732,2048.0,2732.0,264.6821778078071,0.0,12.0,0.0,12.0,10.0,iOS,14.5,Not_available,Unknown,not_available,Wi-Fi
Apple,4.65,179335,Apple,8.0,0.0,16.0,2000.0,7538.0,18.0,Fast,11.0,1668x2388,1668.0,2388.0,264.8056826935118,0.0,12.0,0.0,12.0,10.0,iOS,14.5,Unknown,Single Sim,5G,Wi-Fi
DOMO,4.0,4739,Unknown,0.0,0.0,1.0,32.0,3000.0,0.0,Unknown,7.0,1024x600,1024.0,600.0,169.54777786686512,0.0,2.0,0.0,5.0,0.0,Android,6.0,Unknown,Dual Sim,not_available,Wi-Fi
Lava,4.4,6799,Quad,4.0,2.0,2.0,32.0,5100.0,0.0,Unknown,8.0,800x1280,800.0,1280.0,188.67962264113208,0.0,5.0,0.0,8.0,0.0,Unknown,0.0,256GB,Dual Sim,not_available,Wi-Fi
Lava,4.05,4998,Helio,4.0,1.3,2.0,16.0,4100.0,0.0,Unknown,7.0,1280x800,1280.0,800.0,215.6338544470081,0.0,2.0,0.0,5.0,0.0,Android,10.0,256GB,Unknown,Unknown,Wi-Fi
Huawei,4.0,49990,Unknown,0.0,0.0,8.0,128.0,7250.0,40.0,Fast,12.6,2560x1600,2560.0,1600.0,239.5931716077868,120.0,8.0,0.0,13.0,0.0,Unknown,0.0,256GB,Single Sim,5G,Wi-Fi
Samsung,4.5,11990,Helio,8.0,2.4,3.0,32.0,5100.0,15.0,Fast,8.7,800x1340,800.0,1340.0,179.38401080367268,0.0,2.0,0.0,8.0,0.0,Unknown,0.0,1TB,Single Sim,not_available,Wi-Fi
Samsung,4.55,54999,Exynos,8.0,2.4,6.0,128.0,8000.0,45.0,Fast,11.0,1600x2560,1600.0,2560.0,274.4430874780103,120.0,8.0,0.0,13.0,5.0,Unknown,0.0,1TB,Single Sim,5G,Wi-Fi
Lenovo,4.7,14990,Helio,8.0,2.0,4.0,64.0,5000.0,0.0,Unknown,10.1,1280x800,1280.0,800.0,149.44920605238187,0.0,5.0,0.0,8.0,0.0,Unknown,0.0,256GB,Single Sim,not_available,Wi-Fi
Apple,4.65,64886,Apple,6.0,0.0,0.0,64.0,0.0,0.0,Unknown,10.9,1640x2360,1640.0,2360.0,263.65893499722654,0.0,7.0,0.0,12.0,0.0,iPadOS,14.0,Not_available,Single Sim,not_available,Wi-Fi
Lenovo,4.5,19999,Helio,8.0,1.99,4.0,128.0,7000.0,0.0,Unknown,10.1,1920x1200,1920.0,1200.0,224.17380907857276,0.0,2.0,0.0,8.0,0.0,Unknown,0.0,Unknown,Unknown,not_available,Wi-Fi
Lenovo,4.45,6900,Helio,8.0,2.0,2.0,32.0,5100.0,0.0,Unknown,8.0,1920x1200,1920.0,1200.0,283.0194339616981,0.0,5.0,0.0,0.0,0.0,Unknown,0.0,Unknown,Single Sim,not_available,Wi-Fi
Lenovo,4.5,14494,Helio,8.0,2.0,3.0,32.0,5100.0,0.0,Unknown,8.0,1920x1200,1920.0,1200.0,283.0194339616981,0.0,5.0,0.0,0.0,0.0,Unknown,0.0,Unknown,Single Sim,not_available,Wi-Fi
Apple,4.7,29475,Apple,6.0,2.5,3.0,32.0,0.0,0.0,Unknown,10.2,1620x2160,1620.0,2160.0,264.7058823529412,0.0,1.2,0.0,8.0,0.0,iPadOS,14.0,Not_available,Unknown,not_available,Wi-Fi
Lenovo,4.5,9000,Snapdragon,8.0,1.8,3.0,32.0,4850.0,0.0,Unknown,10.1,1280x800,1280.0,800.0,149.44920605238187,0.0,2.0,0.0,5.0,0.0,Unknown,0.0,256GB,Single Sim,not_available,Wi-Fi
Acer,4.15,11990,Helio,4.0,1.5,3.0,32.0,5800.0,0.0,Unknown,10.0,800x1280,800.0,1280.0,150.94369811290568,0.0,0.0,0.0,5.0,0.0,Unknown,0.0,Supported,Single Sim,not_available,Wi-Fi
Lenovo,4.65,6897,Snapdragon,8.0,1.8,2.0,16.0,4850.0,0.0,Unknown,10.1,1280x800,1280.0,800.0,149.44920605238187,0.0,2.0,0.0,5.0,0.0,Unknown,0.0,256GB,Single Sim,not_available,Wi-Fi
Lenovo,4.25,6900,Helio,4.0,1.3,2.0,32.0,3500.0,0.0,Unknown,7.0,1024x600,1024.0,600.0,169.54777786686512,0.0,2.0,0.0,2.0,0.0,Unknown,0.0,128GB,Single Sim,not_available,Wi-Fi
Lenovo,4.4,42999,Snapdragon,8.0,2.2,6.0,128.0,8600.0,0.0,Unknown,11.5,2560x1600,2560.0,1600.0,262.5107793267925,0.0,8.0,8.0,13.0,5.0,Unknown,0.0,256GB,Single Sim,not_available,Wi-Fi
Swipe,4.1,8899,MT8765B,4.0,1.28,2.0,16.0,5000.0,0.0,Unknown,10.1,1280x720,1280.0,720.0,145.40641386681838,0.0,5.0,0.0,8.0,0.0,Unknown,0.0,128GB,Dual Sim,not_available,Wi-Fi
Samsung,4.45,19990,Snapdragon,8.0,2.0,3.0,32.0,7040.0,0.0,Fast,10.4,1200x2000,1200.0,2000.0,224.26738057097307,0.0,5.0,0.0,8.0,0.0,Unknown,0.0,1TB,Single Sim,not_available,Wi-Fi
Apple,4.5,120169,A12Z,8.0,2.5,6.0,1000.0,0.0,0.0,Unknown,11.0,1668x2388,1668.0,2388.0,264.8056826935118,120.0,7.0,0.0,12.0,10.0,iOS,14.0,Not_available,Single Sim,not_available,Wi-Fi
iBall,4.45,4500,Quad,4.0,1.3,1.0,8.0,2800.0,0.0,Unknown,7.0,600x1024,600.0,1024.0,169.54777786686512,0.0,0.3,0.0,2.0,0.0,Unknown,0.0,64GB,Dual Sim,not_available,Wi-Fi
Swipe,4.05,5999,Helio,4.0,1.28,3.0,32.0,3000.0,0.0,Unknown,7.0,600x1024,600.0,1024.0,169.54777786686512,0.0,2.0,0.0,5.0,0.0,Unknown,0.0,128GB,Dual Sim,not_available,Wi-Fi
Lenovo,4.65,7369,Snapdragon,8.0,1.8,2.0,16.0,5180.0,0.0,Unknown,6.9,1080x2160,1080.0,2160.0,349.993248652141,0.0,5.0,0.0,13.0,0.0,Unknown,0.0,256GB,Dual Sim,not_available,Wi-Fi
iKall,4.5,4499,Quad,4.0,1.0,2.0,16.0,3000.0,0.0,Unknown,7.0,1024x600,1024.0,600.0,169.54777786686512,0.0,2.0,0.0,5.0,0.0,Unknown,0.0,Supported,Dual Sim,not_available,Wi-Fi
DOMO,4.65,6999,Cortex,4.0,1.5,2.0,32.0,5020.0,0.0,Unknown,10.1,1280x800,1280.0,800.0,149.44920605238187,0.0,5.0,0.0,8.0,0.0,Unknown,0.0,128GB,Dual Sim,not_available,Wi-Fi
iBall,4.5,9990,Cortex,8.0,1.2,2.0,32.0,7000.0,0.0,Unknown,10.1,1200x1920,1200.0,1920.0,224.17380907857276,0.0,8.0,0.0,8.0,0.0,Unknown,0.0,256GB,Single Sim,not_available,Wi-Fi
iBall,4.35,6499,Cortex,8.0,1.6,2.0,32.0,4000.0,0.0,Unknown,8.0,1200x1920,1200.0,1920.0,283.0194339616981,0.0,5.0,0.0,8.0,0.0,Unknown,0.0,Supported,Single Sim,not_available,Wi-Fi
iBall,4.2,9000,Quad,4.0,1.4,2.0,16.0,3500.0,0.0,Unknown,7.0,600x1024,600.0,1024.0,169.54777786686512,0.0,2.0,0.0,5.0,0.0,Unknown,0.0,64GB,Dual Sim,not_available,Wi-Fi
iBall,4.4,14999,SC9863A,4.0,1.6,4.0,64.0,7000.0,0.0,Unknown,10.1,1920x1200,1920.0,1200.0,224.17380907857276,0.0,8.0,0.0,13.0,0.0,Unknown,0.0,256GB,Single Sim,not_available,Wi-Fi
Lenovo,4.5,8899,Snapdragon,8.0,1.8,2.0,32.0,4850.0,0.0,Unknown,10.1,1280x800,1280.0,800.0,149.44920605238187,0.0,2.0,0.0,5.0,0.0,Unknown,0.0,256GB,Single Sim,not_available,Wi-Fi
iKall,4.1,3489,Quad,4.0,1.3,2.0,16.0,3000.0,0.0,Unknown,7.0,1024x600,1024.0,600.0,169.54777786686512,0.0,0.3,0.0,2.0,0.0,Android,6.0,32GB,Unknown,Unknown,Wi-Fi
iKall,4.55,3950,Dual,2.0,1.3,2.0,16.0,3000.0,0.0,Unknown,7.0,1024x600,1024.0,600.0,169.54777786686512,0.0,2.0,0.0,5.0,0.0,Unknown,0.0,32GB,Dual Sim,not_available,Wi-Fi
Apple,4.05,38643,Fusion,4.0,2.34,3.0,32.0,8827.0,0.0,Unknown,10.2,1620x2160,1620.0,2160.0,264.7058823529412,0.0,1.2,0.0,8.0,0.0,iOS,13.1,Unknown,Single Sim,not_available,Wi-Fi
Lenovo,4.45,6999,Helio,4.0,2.0,2.0,32.0,5000.0,0.0,Unknown,8.0,800x1280,800.0,1280.0,188.67962264113208,0.0,2.0,0.0,8.0,0.0,Unknown,0.0,128GB,Unknown,not_available,Wi-Fi
Apple,4.05,45248,Apple,6.0,2.5,0.0,64.0,5124.0,0.0,Unknown,7.9,1536x2048,1536.0,2048.0,324.05063291139237,0.0,7.0,0.0,8.0,0.0,iOS,12.1,Unknown,Single Sim,not_available,Wi-Fi
Samsung,4.7,12999,Exynos,8.0,1.8,2.0,32.0,6150.0,45.0,Fast,10.1,1200x1920,1200.0,1920.0,224.17380907857276,0.0,5.0,0.0,8.0,0.0,Unknown,0.0,32GB,Unknown,not_available,Wi-Fi
Samsung,4.05,9999,Exynos,8.0,1.8,2.0,32.0,5100.0,0.0,Unknown,8.0,1280x800,1280.0,800.0,188.67962264113208,0.0,5.0,0.0,8.0,0.0,Unknown,0.0,512GB,Single Sim,not_available,Wi-Fi
iKall,4.55,7999,SC9832,4.0,1.2,2.0,16.0,6000.0,0.0,Unknown,10.1,1280x800,1280.0,800.0,149.44920605238187,0.0,2.0,0.0,5.0,0.0,Unknown,0.0,32GB,Dual Sim,not_available,Wi-Fi
Lenovo,4.25,23999,Snapdragon,8.0,2.0,3.0,16.0,7000.0,0.0,Unknown,10.1,1200x1920,1200.0,1920.0,224.17380907857276,0.0,5.0,0.0,8.0,0.0,Unknown,0.0,Supported,Single Sim,not_available,Wi-Fi
iKall,4.0,4999,Quad,4.0,1.1,1.0,8.0,4000.0,0.0,Unknown,8.0,1280x800,1280.0,800.0,188.67962264113208,0.0,2.0,0.0,5.0,0.0,Unknown,0.0,32GB,Dual Sim,not_available,Wi-Fi
iKall,4.1,4094,MTK8735,4.0,1.0,2.0,16.0,3000.0,0.0,Unknown,7.0,1024x600,1024.0,600.0,169.54777786686512,0.0,2.0,0.0,5.0,0.0,Unknown,0.0,32GB,Dual Sim,not_available,Wi-Fi
iKall,4.25,3499,Single,1.0,1.2,0.512,4.0,2800.0,0.0,Unknown,7.0,1024x600,1024.0,600.0,169.54777786686512,0.0,0.3,0.0,2.0,0.0,Unknown,0.0,32GB,Dual Sim,not_available,Wi-Fi
Samsung,4.4,6750,Spreadtrum,4.0,1.5,5.0,8.0,4000.0,0.0,Unknown,7.0,1280x800,1280.0,800.0,215.6338544470081,0.0,2.0,0.0,8.0,0.0,Unknown,0.0,256GB,Dual Sim,not_available,Wi-Fi
TCL,4.0,9990,Helio,4.0,1.8,3.0,32.0,6000.0,0.0,Fast,10.1,800x1280,800.0,1280.0,149.44920605238187,0.0,2.0,0.0,2.0,0.0,Unknown,0.0,Supported,Single Sim,not_available,Wi-Fi
Acer,4.0,12999,Helio,4.0,0.0,3.0,32.0,5100.0,0.0,Unknown,8.7,1340x800,1340.0,800.0,179.38401080367268,0.0,2.0,0.0,8.0,0.0,Unknown,0.0,Supported,Single Sim,not_available,Wi-Fi
Wishtel,4.0,16383,Octa,8.0,2.0,4.0,64.0,8000.0,0.0,Unknown,10.4,2000x1200,2000.0,1200.0,224.26738057097307,0.0,8.0,0.0,13.0,0.0,Unknown,0.0,256GB,Dual Sim,not_available,Wi-Fi
AGM,4.0,16499,Helio,8.0,2.2,8.0,256.0,7000.0,18.0,Fast,10.36,1200x2000,1200.0,2000.0,225.13327779325485,0.0,5.0,0.0,8.0,0.0,Unknown,0.0,2TB,Dual Sim,not_available,Wi-Fi
iKall,4.1,7499,Quad,4.0,1.3,3.0,32.0,4500.0,0.0,Unknown,8.0,480x640,480.0,640.0,100.0,0.0,2.0,0.0,5.0,0.0,Unknown,0.0,32GB,Single Sim,not_available,Wi-Fi
HTC,4.0,18990,Helio,8.0,2.0,4.0,64.0,6000.0,10.0,Fast,10.1,1200x1920,1200.0,1920.0,224.17380907857276,0.0,5.0,0.0,5.0,0.0,Unknown,0.0,256GB,Dual Sim,not_available,Wi-Fi
Teclast,4.25,14990,Helio,8.0,0.0,8.0,128.0,6000.0,0.0,Fast,10.4,2000x1200,2000.0,1200.0,224.26738057097307,0.0,5.0,0.0,13.0,0.0,Android,12.0,1TB,Unknown,Unknown,Wi-Fi
iKall,4.25,3299,Dual,2.0,1.2,0.512,4.0,3000.0,0.0,Unknown,7.0,600x1024,600.0,1024.0,169.54777786686512,0.0,0.3,0.0,2.0,0.0,Unknown,0.0,32GB,Dual Sim,not_available,Wi-Fi
iKall,4.6,3199,Unknown,0.0,0.0,0.512,4.0,2800.0,0.0,Unknown,7.0,1024x600,1024.0,600.0,169.54777786686512,0.0,0.3,0.0,2.0,0.0,Unknown,0.0,Unknown,Dual Sim,not_available,Wi-Fi
Doogee,4.3,19990,Helio,8.0,2.2,8.0,128.0,10800.0,18.0,Fast,10.36,1536x2048,1536.0,2048.0,247.10424710424712,0.0,16.0,0.0,20.0,0.0,Unknown,0.0,2TB,Dual Sim,not_available,Wi-Fi
TCL,4.3,15499,Helio,8.0,2.0,4.0,64.0,8000.0,18.0,Fast,10.95,1200x2000,1200.0,2000.0,213.00280894412057,0.0,8.0,0.0,8.0,0.0,Unknown,0.0,Supported,Single Sim,not_available,Wi-Fi
iKall,4.0,7199,Octa,8.0,1.6,3.0,32.0,4000.0,0.0,Unknown,8.0,Unknown,0.0,0.0,0.0,0.0,5.0,0.0,8.0,0.0,Android,11.0,128GB,Unknown,Unknown,Wi-Fi
iKall,4.45,7482,Octa,8.0,1.6,3.0,32.0,4000.0,0.0,Unknown,8.0,Unknown,0.0,0.0,0.0,0.0,5.0,0.0,8.0,0.0,Unknown,0.0,128GB,Single Sim,not_available,Wi-Fi
Huawei,4.5,15999,Kirin,8.0,2.0,4.0,64.0,5100.0,0.0,Unknown,10.1,1200x1920,1200.0,1920.0,224.17380907857276,0.0,2.0,0.0,5.0,0.0,Unknown,0.0,512GB,Unknown,not_available,Wi-Fi
Apple,4.45,186124,Apple,8.0,0.0,16.0,2000.0,7538.0,18.0,Fast,11.0,1668x2388,1668.0,2388.0,264.8056826935118,0.0,12.0,0.0,12.0,10.0,iPadOS,16.0,Unknown,Unknown,not_available,Wi-Fi
Apple,4.1,170190,Apple,8.0,0.0,16.0,1000.0,10758.0,18.0,Fast,12.9,2048x2732,2048.0,2732.0,264.6821778078071,0.0,12.0,0.0,12.0,10.0,iPadOS,16.0,Unknown,Unknown,not_available,Wi-Fi
Wishtel,4.75,13000,Octa,8.0,2.0,3.0,32.0,7000.0,0.0,Unknown,10.4,2000x1200,2000.0,1200.0,224.26738057097307,0.0,5.0,0.0,8.0,0.0,Unknown,0.0,Supported,Dual Sim,not_available,Wi-Fi
WishTel,4.35,11150,Quad,4.0,1.3,2.0,32.0,5500.0,0.0,Unknown,8.0,1280x800,1280.0,800.0,188.67962264113208,0.0,5.0,0.0,8.0,0.0,Unknown,0.0,Supported,Single Sim,not_available,Wi-Fi
Honor,4.65,15990,Helio,8.0,2.0,0.0,32.0,5100.0,22.5,Fast,9.7,1280x800,1280.0,800.0,155.61205991021205,0.0,2.0,0.0,5.0,0.0,Unknown,0.0,512GB,Unknown,not_available,Wi-Fi
Honor,4.4,15499,Snapdragon,8.0,2.4,4.0,128.0,7250.0,22.5,Fast,12.0,2000x1200,2000.0,1200.0,194.36506316151,0.0,5.0,0.0,5.0,0.0,Unknown,0.0,512GB,Unknown,not_available,Wi-Fi
DOMO,4.1,10439,Unknown,0.0,0.0,4.0,64.0,5020.0,0.0,Unknown,10.1,1920x1200,1920.0,1200.0,224.17380907857276,0.0,5.0,0.0,13.0,0.0,Android,9.0,Unknown,Dual Sim,not_available,Wi-Fi
Teclast,4.0,16990,Tiger,8.0,2.0,6.0,128.0,7000.0,0.0,Fast,10.1,1920x1200,1920.0,1200.0,224.17380907857276,0.0,5.0,0.0,8.0,0.0,Unknown,0.0,Supported,Dual Sim,not_available,Wi-Fi
Teclast,4.3,17990,Helio,8.0,2.0,8.0,128.0,6000.0,18.0,Fast,10.1,1920x1200,1920.0,1200.0,224.17380907857276,0.0,5.0,0.0,8.0,0.0,Unknown,0.0,1TB,Single Sim,not_available,Wi-Fi
iKall,4.5,3950,Quad,4.0,1.3,2.0,16.0,3000.0,0.0,Unknown,7.0,1024x600,1024.0,600.0,169.54777786686512,0.0,0.3,0.0,2.0,0.0,Unknown,0.0,32GB,Dual Sim,not_available,Wi-Fi
DOMO,4.25,8490,Helio,4.0,1.5,2.0,32.0,4020.0,0.0,Unknown,8.0,1280x800,1280.0,800.0,188.67962264113208,0.0,2.0,0.0,5.0,0.0,Unknown,0.0,128GB,Dual Sim,not_available,Wi-Fi
Lenovo,4.4,9899,Helio,8.0,2.0,3.0,32.0,7500.0,0.0,Unknown,10.3,1920x1200,1920.0,1200.0,219.82091958190142,0.0,5.0,0.0,8.0,0.0,Unknown,0.0,256GB,Unknown,not_available,Wi-Fi
Apple,4.4,171575,Apple,8.0,0.0,16.0,1000.0,0.0,0.0,Unknown,12.9,2048x2732,2048.0,2732.0,264.6821778078071,0.0,12.0,0.0,12.0,10.0,iOS,14.5,Not_available,Single Sim,5G,Wi-Fi
Honor,4.0,15590,Helio,8.0,2.0,4.0,64.0,5100.0,0.0,Fast,10.1,1200x1920,1200.0,1920.0,224.17380907857276,0.0,2.0,0.0,5.0,0.0,Unknown,0.0,512GB,Single Sim,not_available,Wi-Fi
Lenovo,4.0,11999,Snapdragon,8.0,1.8,3.0,32.0,7000.0,0.0,Unknown,10.1,1200x1920,1200.0,1920.0,224.17380907857276,0.0,5.0,0.0,8.0,0.0,Unknown,0.0,Supported,Unknown,not_available,Wi-Fi
iBall,4.5,9990,Cortex,8.0,1.2,2.0,32.0,7000.0,0.0,Unknown,10.1,1200x1920,1200.0,1920.0,224.17380907857276,0.0,8.0,0.0,8.0,0.0,Unknown,0.0,256GB,Single Sim,not_available,Wi-Fi
